marca_sigla,marca,modelo_en_catalogo,tipo,filas,MODELO_REAL_ESCRIBIR_ACA,MODELO_SUGERIDO,CONFIANZA,POR_QUE,cilindradas_en_catalogo,anios_en_catalogo,ejemplo_real,NOTAS,CONFIRMADO
HY,Hyundai,ACC,modelo,1287,,Hyundai Accent,alta,ejemplo `HY ACC 06- 1.4 /0 XCITE GETZ 1.4`; ACC = Accent según la guía §3; Accent 1.4/1.6 vendido en EC,1.6(257) 1.4(133) 1.5(31) 1.2(27) 2.9(11) 1.3(8),06-(538) 12-(380) 12-18(114) 18-(63) 17-(60) 14-(32),HY ACC 06- 1.4 /0 XCITE GETZ 1.4,,
HY,Hyundai,STA FE,modelo,1044,Hyundai Santa Fe,Hyundai Santa Fe,alta,ya escrito por el dueño,2.4(453) 2.7(291) 2.2(225) 3.5(42) 3.3(26) 2.5(6),-06(187) 07-(152) 10-(124) 12-(94) 06-(47) 09-(35),HY STA FE 2.2 /0 DSL,"Cilindradas vistas en EC: 2.7 V6 173hp (2003), 2.4 y 2.2 CRDi (2010), 3.5 V6 (2011). El 3.3 probablemente es Grand Santa Fe",
HY,Hyundai,CRETA,modelo,552,Hyundai Creta,Hyundai Creta,alta,ya escrito por el dueño,1.5(257) 1.6(249) 1.2(4) 2.0(1) 1.1(1),21-(262) 17-(229) 18-(22) 15-(18) 20-(13) 22-(10),HY CRETA 1.5 21-,Desde 2016 en EC. Ensamblado en Aymesa (Quito) desde nov-2023,
CH,Chevrolet,SAIL,modelo,548,Chevrolet Sail,Chevrolet Sail,alta,ya escrito por el dueño,1.4(299) 1.5(255) 1.8(5) 2.2(2) 1.3(2) 3.8(2),12-(298) 18-(240) 06-(2) 19-(2) 10-(1) 04-(1),CH SAIL 1.4 12- /0,1.4 DOHC 16V 102hp y 1.5. Version taxi oficial: Sail Life,
HY,Hyundai,TUCS,modelo,531,Hyundai Tucson 1a gen (JM),Hyundai Tucson 1a gen (JM),alta,ya escrito por el dueño,2.0(60) 1.8(42) 2.4(9) 2.7(8) 2.2(5) 3.5(4),05-(279) -06(10) 06-(8) 21-(8) 14-(7) 08-(7),HY TUCS 2.0 DLS /0 SPORTAG,"~2005 a 2010, reemplazado por el ix en abr-2010",
KIA,Kia,RIO,modelo,527,Kia Rio,Kia Rio,alta,ya escrito por el dueño,1.4(23) 1.6(22) 1.2(15) 1.5(6) 2.9(4) 2.5(2),18-(291) 03-(69) 00-(50) 20-(32) 19-(30) 17-(26),KIA RIO 18-/0 HY ACC 1.4 14- KAPPA,"OJO GENERACIONES: la 1a gen DC (1999-2005) monta motores MAZDA B3/B5/B6 y NO comparte nada con las posteriores (JB 2005-11 G4EE/G4ED, UB 2011-17, YB 2016-23). Vigente en EC: 1.4L 99hp. NO asumir que comparte motor con el Soluto pese a que ambos dicen 1.4",
CH,Chevrolet,GRAN VIT,modelo,492,Chevrolet Grand Vitara,Chevrolet Grand Vitara,alta,ya escrito por el dueño,2.0(153) 2.4(53) 2.5(46) 1.6(42) 2.7(29) 2.2(8),11-(22) 07-(8) 08-(8) 98-(7) 06-(7) 18-(5),CH GRAN VIT 1.6 /2 STEEM 1.6,"En Ecuador los Suzuki se catalogan bajo marca CHEVROLET (Vitara, Grand Vitara, Swift, Steem)",
HY,Hyundai,TUCS IX,submodelo,460,Hyundai Tucson ix / ix35 (LM),Hyundai Tucson ix / ix35 (LM),alta,ya escrito por el dueño,2.0(67) 2.4(52) 1.8(40) 2.7(4) 2.9(2) 3.8(1),14-(106) -13(60) 11-(58) 10-(45) 12-(45) 13-(25),HY TUCS IX 2.0 -13 /0 KIA SPORTG R CARENS 16-,Presentado en Ecuador el 14-abr-2010. 2.0L 164hp y 2.4L 177hp. Motor Theta-II,
HY,Hyundai,H1 TQ,submodelo,445,Hyundai H-1 / Grand Starex,Hyundai H-1 / Grand Starex,alta,ya escrito por el dueño,2.5(51) 2.2(6) 2.4(2) 2.9(2) 2.7(1),07-(140) 08-(102) 16-(4) 06-(3) 15-(3) -06(2),HY H1 TQ DSL/0 1RA & 3RA,TQ = codigo de desarrollo del Grand Starex (2007). 2.5 CRDi diesel,
KIA,Kia,CARNIVAL,modelo,439,Kia Carnival,Kia Carnival,alta,ya escrito por el dueño,2.9(391) 2.5(45) 3.3(41) 2.7(6) 3.0(1) 1.5(1),06-(20) -14(14) -05(12) 16-(11) 15-(10) 98-05(10),KIA CARNIVAL 2.5 V6  CAMISAS,"Vigente gen KA4: 3500cc V6 268hp, acabados GTLine y GTLimited. Diesel 2.9 CRDi llego a EC (avisos 2005 y 2013). OJO: Grand Carnival es modelo APARTE en Ecuador",
CH,Chevrolet,LUV DMAX,REVISAR,385,Chevrolet LUV D-Max,Chevrolet LUV D-Max,alta,ya escrito por el dueño,3.0(110) 2.4(98) 3.5(45) 2.5(42) 3.2(22) 2.2(6),14-(33) 15-(29) 05-(23) 06-13(17) 05-13(11) 13-(10),CH LUV DMAX 2.4 15- RT-53/0,"posible: DOS vehiculos compatibles, no un submodelo",
HY,Hyundai,TUCS NX,submodelo,372,Hyundai Tucson 4a gen (NX4),Hyundai Tucson 4a gen (NX4),alta,ya escrito por el dueño,1.5(3) 2.0(1),21-(377) 22-(23) 24-(2),HY TUCS NX 21-,2021 en adelante (coincide con el 21- del catalogo). 2.0L 154hp. Versiones GL/GLS/HGS,
HY,Hyundai,I10,modelo,350,,Hyundai i10,alta,ejemplo `HY I10 1.2 08-/0 4CIL`; i10 1.1/1.2 años 07-11 coherentes; distinto de Grand i10 (ya escrito por el dueño),1.1(212) 1.2(128) 1.0(1),11-(92) 08-(41) 07-(19) 09-(10) 07-10(9) 18-(8),HY I10 1.2 08-/0 4CIL,,
KIA,Kia,PICANTO,modelo,350,,Kia Picanto,alta,ejemplo `KIA PICANTO 1.0 18-`; variantes documentadas del Picanto en guía §5,1.2(50) 1.0(37) 1.1(19) 1.3(2) 1.5(1),18-(223) 05-(37) 19-(14) 15-(11) 08-(10) 18-21(9),KIA PICANTO 1.0 18-,,
HY,Hyundai,H100,modelo,332,Hyundai H100 / Porter,Hyundai H100 / Porter,alta,ya escrito por el dueño,2.3(4) 2.2(3) 2.4(3) 2.5(3) 1.6(2) 2.6(1),93-04(28) 92-(11) 98-(9) 96-(7) 04-(6) 96-04(5),HY H100 DSL /0 D4BA,CAMION-CAMIONETA cabina adelantada. NO es una van como el H1,
HY,Hyundai,VER,modelo,315,Hyundai Accent Verna,Hyundai Accent Verna,alta,ya escrito por el dueño,1.6(57) 1.5(32) 1.2(4) 1.4(4) 1.8(2) 2.3(2),00-(68) 03-(48) 21-(10) 19-(10) -02(9) 99-03(5),HY VER 1.5 16V/0,"MISMO AUTO QUE VERNA, unificar (306+54=360 filas). NO es Veracruz: el catalogo dice 1.5 16V y el Veracruz es SUV 3.8 V6",
HY,Hyundai,ELANT,modelo,311,,Hyundai Elantra,alta,ejemplo `HY ELANT 1.6 /0 94-98`; variante de escritura de ELANT (guía §5),1.6(99) 1.8(30) 2.0(7) 1.9(1) 1.2(1),12-(96) 06-(74) 08-(34) 07-(11) 92-95(8) 94-98(7),HY ELANT 1.6 /0 94-98,,
CH,Chevrolet,SPARK,modelo,293,Chevrolet Spark,Chevrolet Spark,alta,ya escrito por el dueño,1.0(10) 1.2(7) 1.6(5) 2.4(4) 1.1(3) 1.4(3),06-(193) -05(16) 19-(4) 16-(3) 03-(2) 17-(2),CH SPARK /0  4cilin,"= Daewoo Matiz (M100/M150/M200), 0.8L 3cil, motor F8C. REPUESTOS INTERCAMBIABLES CON MATIZ",
CH,Chevrolet,LUV,modelo,596,,Chevrolet LUV,alta,ejemplo `CH LUV 2.2 /0 VEC C/R`; LUV es el nombre de la camioneta; distinto de LUV D-Max (ya escrito por el dueño),2.3(99) 2.2(93) 3.2(48) 2.5(23) 2.0(10) 1.8(8),98-(3) 03-(2) 88-(2) 72-(1) 88-98(1) 02-(1),CH LUV 2.2 /0 VEC C/R,,
NS,Nissan,SEN B13,submodelo,259,Nissan Sentra 3a gen (chasis B13),Nissan Sentra 3a gen (chasis B13),alta,ya escrito por el dueño,1.6(46) 2.5(2) 2.7(2) 3.2(2) 1.8(1),02-(19) 07-(4) 96-(3) -98(3) 92-06(2) -94(2),NS SEN B13 1.6 16V  X8,"1.6L, motores GA16DE/GA16DNE. En EC circulan culatas de 8 y 16 valvulas. OJO: si hay filas QG18 aca estan MAL, el QG18 es del B15",
CH,Chevrolet,SPARK GT,submodelo,252,Chevrolet Spark GT,Chevrolet Spark GT,alta,ya escrito por el dueño,1.2(90) 1.4(1) 1.8(1),19-(29) 11-(9) 10-(6) 18-20(4) 14-20(4) 12-(3),CH SPARK GT 19- BULON 18mm,"OTRO AUTO: M300 (2009+), deriva del concept Beat, NO del Matiz. REPUESTOS NO INTERCAMBIABLES CON SPARK/MATIZ",
CH,Chevrolet,AVEO,modelo,223,Chevrolet Aveo,Chevrolet Aveo,alta,ya escrito por el dueño,1.4(85) 1.6(55) 1.3(3) 2.2(1) 2.0(1) 2.5(1),10-(11) 05-(9) 03-(6) 11-(4) 12-(3) 06-(3),CH AVEO 1.4 /0 16V,"1.4/1.6 = @ctivo (asi se escribia en EC, con arroba) | 1.6 DOHC 16V 103hp = Emotion desde jun-2007 (F16D3) | 1.5 SOHC 8V 83hp = Family (F15S3)",
KIA,Kia,STONIC,modelo,219,,Kia Stonic,alta,ejemplo `KIA STONIC 21-`; nombre completo; años 17-/21-,1.5(31) 1.6(21) 1.0(9),21-(229) 17-(20) 20-(10) 19-(1),KIA STONIC 21-,,
CH,Chevrolet,TAX AVEO,REVISAR,211,Chevrolet Aveo Family version taxi,Chevrolet Aveo Family version taxi,alta,ya escrito por el dueño,1.4(15) 2.2(9) 2.4(3) 1.5(2),12-(18) 05-(7) 06-(6) 95-(2) -06(2) 10-(1),CH TAX AVEO COR DW LAN CIEL,"Ficha oficial Chevrolet EC 20-jul-2018. MISMA mecanica que el civil: mismo motor 1.5, suspension y frenos. Solo cambia equipamiento, machea igual que AVEO 1.5",
HY,Hyundai,GRAND I10,modelo,202,Hyundai Grand i10,Hyundai Grand i10,alta,ya escrito por el dueño,1.2(177) 1.0(7),15-(90) 18-(53) 15-23(17) 18-20(13) 19-(9) 15-20(9),HY GRAND I10 1.2 19-,1.2L. Distinto del i10 a secas,
MZ,Mazda,BT50,modelo,213,,Mazda BT-50,alta,ejemplo `MZ BT50 2.5 DSL 12V /`; nombre completo,2.5(74) 2.2(45) 2.6(26) 2.0(20) 1.5(2) 1.6(2),88-(11) 03-(7) 08-(6) 86-(2) 07-(2) 18-(2),MZ BT50 2.5 DSL 12V /,,
CH,Chevrolet,OPTRA,modelo,199,,Chevrolet Optra,alta,ejemplo `CH OPTRA 1.8 HB/0 casi plano`; nombre completo; 1.8 años 04-,1.8(102) 2.0(2) 2.4(2),05-(49) 08-(12) -07(7) 04-(4) 07-(4) 04-05(2),CH OPTRA 1.8 HB/0 casi plano,,
CH,Chevrolet,COR,modelo,218,,Chevrolet Corsa,media,ejemplo `CH COR 1.3 /0 C/R`; COR + TODOS = todos los Corsa (guía §10.bis); la guía §5 lo deja PENDIENTE,1.6(42) 1.3(40) 1.4(29) 1.8(20) 2.2(1),-98(2) -00(2) 01-(2) 98-(2) -02(2) 92-(2),CH COR 1.3 /0 C/R,,
KIA,Kia,SORENT,modelo,192,,Kia Sorento,alta,ejemplo `KIA SORENT 2.5 /0 DSL`; variantes documentadas del Sorento en guía §5/§13,2.5(109) 3.5(49) 2.4(17) 3.3(11) 2.9(2) 3.0(2),-06(16) 06-(13) 10-(10) 04-(10) 02-06(6) 02-09(6),KIA SORENT 2.5 /0 DSL,,
HY,Hyundai,TERRAC,modelo,190,Hyundai Terracan,Hyundai Terracan,alta,ya escrito por el dueño,3.5(71) 2.9(57) 2.5(17) 2.4(4),01-(5) 03-(4) -06(4) 92-(3) 05-(2) 04-(1),HY TERRAC 3.5 24V 30.5*105.3*6.6  X12,"Cilindradas en EC: 2.5, 2.9 y V6 3.5",
CH,Chevrolet,CAPTIVA,modelo,188,Chevrolet Captiva,Chevrolet Captiva,alta,ya escrito por el dueño,1.5(158) 2.4(14) 3.2(4) 3.6(3) 3.0(2),19-(136) 20-(10) 21-(3) 11-17(3) 10-(2) 08-(2),CH CAPTIVA 1.5 19- /0 PIN 19mm,2.4 / 3.0 / 1.5 Turbo,
KIA,Kia,PREG,modelo,179,Kia Pregio,Kia Pregio,alta,ya escrito por el dueño,3.0(70) 2.7(52) 2.9(31) 2.5(5) 2.3(3) 2.2(2),-05(13) 00-(8) 03-(5) 05-(5) 01-(5) 06-(5),KIA PREG 3.0 /0,"ENSAMBLADO EN AYMESA Quito. Global 1995-2006. 2665-2957cc. Motores J2 2.7 diesel, JT 3.0 diesel (1997+), 4D56 2.5 TCi. Batalla larga = Pregio Grand, buseta 16-19 asientos. CONTRADICCION: Kia oficial dice gasolina pero todo lo demas dice diesel, verificar contra unidad real",
CH,Chevrolet,COR EVOL,submodelo,177,,Chevrolet Corsa Evolution,media,ejemplo `CH COR EVOL 1.4 /0`; EVOL = Evolution (1.4/1.8); confirmar que es el Corsa Evolution y no otra versión,1.8(42) 1.4(36) 2.2(4) 1.3(2) 2.4(2) 2.0(1),02-(2) -04(2) 05-(1),CH COR EVOL 1.4 /0,generacion o version,
KIA,Kia,CARENS,modelo,157,,Kia Carens,alta,ejemplo `KIA CARENS 1.8 /0`; nombre completo,1.8(69) 2.0(31) 1.5(18) 2.9(2) 1.6(1),22-(15) -02(10) 02-06(10) -01(9) 02-(8) 04-06(8),KIA CARENS 1.8 /0,,
NS,Nissan,SEN,modelo,184,,Nissan Sentra,alta,ejemplo `NS SEN 1.8 /0 B15 QG18`; SEN en Descripcion = Sentra (guía §11),1.6(26) 1.8(22) 2.0(11) 2.4(2),08-13(4) 90-(2) 92-(2) 02-(2) 93-00(2) 07-13(2),NS SEN 1.8 /0 B15 QG18,,
KIA,Kia,SOLUTO,modelo,156,"Kia Soluto (= Kia Pegas, cod. AB)","Kia Soluto (= Kia Pegas, cod. AB)",alta,ya escrito por el dueño,1.4(23) 1.2(5) 1.5(4) 1.6(2) 1.1(2),19-(123) 21-(28) 18-(24) 20-(12) 12-(5) 15-(4),KIA SOLUTO 19- HY VER 19-,"Desde 2019, ENSAMBLADO EN AYMESA Ecuador. 1.4 (1353cc) 94-95hp, motor G4LC. Acabado unico: Xcite. Auto mas vendido de Ecuador en 2025",
HY,Hyundai,MATRIX,modelo,158,,Hyundai Matrix,alta,ejemplo `HY MATRIX /0 ELANT 1.8`; nombre completo/abreviado de Matrix 1.6/1.8 (años 01-05),1.8(42) 1.6(23),02-(15) 02-05(9) 01-(8) 96-(5) 00-(4) 03-(3),HY MATRIX /0 ELANT 1.8,,
KIA,Kia,PREGIO,modelo,154,Kia Pregio,Kia Pregio,alta,ya escrito por el dueño,3.0(49) 2.7(18) 2.5(2) 1.6(1) 2.0(1) 2.3(1),06-(8) 05-(6) 01-(5) 00-(5) 01-04(2) 04-(1),KIA PREGIO 2.7 K2.7 04- CAMISAS,Idem PREG,
NS,Nissan,TIIDA,modelo,152,Nissan Tiida (C11),Nissan Tiida (C11),alta,ya escrito por el dueño,1.6(57) 1.8(21) 2.0(5) 1.5(3) 0.9(1),06-(10) 07-(9) 10-(4) 04-(4) 07-14(4) 07-11(3),NS TIIDA 1.6 16V M/T 4*2 HR16DE/2,Latam 2006-2018. 1.6 HR16DE / 1.8 MR18DE,
CH,Chevrolet,DMAX,modelo,151,,Chevrolet LUV D-Max,alta,ejemplo `CH DMAX 2.4 05-13/0 C/R`; DMAX = D-Max; el dueño ya escribió LUV D-Max para la fila LUV DMAX,2.4(77) 2.2(38) 3.0(28) 2.5(9) 2.3(6) 3.5(5),05-13(43) 14-(24) 05-(10) 15-(6) 16-(4) 06-13(3),CH DMAX 2.4 05-13/0 C/R,,
HY,Hyundai,H1,modelo,140,,Hyundai H-1,alta,ejemplo `HY H1 GAS STA FE 2.4 X8 ELANT 1.6 30.5*109.5*6.5`; misma raíz que la fila H1 TQ ya escrita por el dueño (Hyundai H-1 / Grand Starex),2.4(17) 2.7(4) 1.6(3) 2.5(2) 2.6(1),-06(16) 08-(9) -07(4) 06-11(4) 04-07(2) -00(2),HY H1 GAS STA FE 2.4 X8 ELANT 1.6 30.5*109.5*6.5,,
HY,Hyundai,H350,modelo,138,,Hyundai H350,alta,ejemplo `HY H350 17-/0`; nombre completo; años 17-,2.5(6) 1.8(1),17-(109) 18-(10) 19-(6) 04-(1),HY H350 17-/0,,
KIA,Kia,PICANTO R,submodelo,132,Kia Picanto 1.0L R,Kia Picanto 1.0L R,alta,ya escrito por el dueño,1.0(18) 1.2(15) 1.1(2),12-(39) 11-(16) 12-16(9) 12-15(4) 17-(2) 14-(1),KIA PICANTO R 1.0  12- 3C,"1000cc, 66hp. La R aca es ACABADO (va detras de la cilindrada), no generacion",
HY,Hyundai,ATOS,modelo,131,,Hyundai Atos,alta,ejemplo `HY ATOS 1.0 /0`; nombre completo; 1.0/1.1 años 98-06,1.0(12) 1.1(7) 2.4(2),01-(36) 98-(17) 02-(11) 06-(6) 01-03(4) 05-(4),HY ATOS 1.0 /0,,
HY,Hyundai,GETZ,modelo,122,,Hyundai Getz,alta,ejemplo `HY GETZ 1.5 DSL`; nombre completo; 1.4/1.6 años 02-,1.6(26) 1.4(7) 1.5(3),06-(30) 03-(16) 02-(13) -05(7) 09-14(4) 01-06(4),HY GETZ 1.5 DSL,,
HY,Hyundai,TUCS TL,submodelo,126,Hyundai Tucson 3a gen (TL),Hyundai Tucson 3a gen (TL),alta,ya escrito por el dueño,3.3(4) 2.2(3) 2.0(1) 1.8(1),16-(66) 15-(23) 17-(16) 18-(14) 19-(5) 21-(5),HY TUCS TL DLS HY STARIA 2.2,"En EC tambien vendido como Tucson EU. ~2016, vigente en 2020. 2.0L 156hp",
KIA,Kia,RIO STYLUS,submodelo,121,,Kia Rio Stylus (1a gen),media,ejemplo `KIA RIO STYLUS /0`; Stylus es el nombre de la 1a gen del Rio (años 03-); confirmar,1.8(4) 1.6(3) 1.5(2) 2.5(2),03-(10) 92-(2) -03(2) 11-(1) 02-(1) 08-(1),KIA RIO STYLUS /0,generacion o version,
CH,Chevrolet,CRUZE,modelo,117,,Chevrolet Cruze,alta,ejemplo `CH CRUZE 1.8 12- /0`; nombre completo,1.8(132) 1.4(9),12-(46) 11-(18) 17-(7) 13-(6) 11-17(5) 12-16(3),CH CRUZE 1.8 12- /0,,
CH,Chevrolet,TAXI AVEO,REVISAR,113,Chevrolet Aveo Family version taxi,Chevrolet Aveo Family version taxi,alta,ya escrito por el dueño,1.4(11) 1.5(4) 1.6(1),12-(7) 06-(7) 09-(1) 05-(1),CH TAXI AVEO DW LAN PIN,Idem TAX AVEO,
CH,Chevrolet,VAN N200,modelo,107,,Chevrolet N200 + N300 (van),media,ejemplo `CH VAN N200 N300`; nombre compuesto N200/N300; confirmar si se unifica con N300,1.2(1),08-12(2) 12-(1),CH VAN N200 N300,nombre compuesto (la raiz sola casi no aparece),
TY,Toyota,YARIS,modelo,113,,Toyota Yaris,alta,ejemplo `TY YARIS 1.3 1.5 /0 2NZ`; nombre completo/typo,1.5(18) 1.3(17) 2.7(5) 1.6(2),06-(9) 02-(4) 99-(4) 01-(3) 18-(3) 00-(3),TY YARIS 1.3 1.5 /0 2NZ,,
HY,Hyundai,VERACRUZ,modelo,106,Hyundai Veracruz,Hyundai Veracruz,alta,ya escrito por el dueño,3.8(75) 3.0(23) 3.3(7),07-(36) 06-(7) 07-13(6) 15-(6) 06-08(4) 08-(3),HY VERACRUZ 3.8 6-12/STD,SUV grande 3.8 V6 (y diesel en EC). NO confundir con VER/VERNA,
NS,Nissan,XTRAIL,modelo,107,Nissan X-Trail,Nissan X-Trail,alta,ya escrito por el dueño,2.5(40) 2.0(10),08-(8) -07(7) 06-(6) 15-(6) 09-(3) 02-06(2),NS XTRAIL 2.5 T30 QR25 16V -07,"Probablemente 1a gen T30 (2000-2007), inferido porque T31 y T32 estan explicitos. CONFIRMAR con los años de las filas",
SZ,Suzuki,FORSA II,modelo,111,,Chevrolet Forsa II,media,"ejemplo `SZ FORSA II X3`; Forsa II, base Suzuki Swift; confirmar Forsa I/II",1.6(4) 1.3(3),89-(4) 96-(2) 92-96(1) -95(1),SZ FORSA II X3,nombre compuesto (la raiz sola casi no aparece),
KIA,Kia,SPORTAG,modelo,88,,Kia Sportage,alta,ejemplo `KIA SPORTAG /0 16V -03`; variantes documentadas del Sportage en guía §5/§13; años -03 = 1a gen,2.7(6) 2.0(4) 1.8(3) 1.5(2),-03(47) 05-(9) 06-(7) 08-(5) 11-(4) 22-(4),KIA SPORTAG /0 16V -03,,
DW,Daewoo,LANOS,modelo,96,Daewoo Lanos,Daewoo Lanos,alta,ya escrito por el dueño,1.6(2),98-(11) 02-(2) 01-02(1) 01-(1),DW LANOS 8V 31*103.5*7 X4,"1.3 / 1.5 / 1.6 E-TEC. T100 (1997-2000) y T150 (2000-2002). En EC se vendio como DAEWOO, no como Chevrolet",
CH,Chevrolet,VAN N300,modelo,86,,Chevrolet N300,alta,ejemplo `CH VAN N300`; N300 es van Chevrolet; nombre de la fila,,12-(4) 11-(2) 11-14(1) 15-17(1),CH VAN N300,nombre compuesto (la raiz sola casi no aparece),
HY,Hyundai,GRAN I10,modelo,83,Hyundai Grand i10,Hyundai Grand i10,alta,ya escrito por el dueño,1.2(39),15-(35) -20(9) 17-(7) 18-(7) 14-(5) 19-(4),HY GRAN I10 15- PICANT R 17-,Idem GRAND I10,
KIA,Kia,SORENTO,modelo,82,,Kia Sorento,alta,ejemplo `KIA SORENTO 3.3 07- STD`; variantes documentadas del Sorento en guía §5/§13,2.5(27) 3.3(15) 3.5(14) 2.4(5),06-(9) 10-(6) 16-(6) 14-(5) 07-(4) -09(4),KIA SORENTO 3.3 07- STD,,
HY,Hyundai,TERR,modelo,80,,Hyundai Terracan,alta,ejemplo `HY TERR 2.9 DSL 03-06`; variante de escritura de TERRAC (guía §5),3.5(49) 2.9(31) 2.5(12) 2.6(1),01-(7) 03-06(2) 02-(1) 04-(1) 01-03(1) 05-(1),HY TERR 2.9 DSL 03-06,,
SZ,Suzuki,CARRY,modelo,89,,Suzuki Carry,media,"ejemplo `SZ CARRY /0`; ejemplo ""CARRY /0 CHANGAN"" sugiere compat. con Changan; confirmar nombre comercial (¿Chevrolet Super Carry?)",,98-(2) 80-(2) 95-(1) 00-(1),SZ CARRY /0,,
CH,Chevrolet,TRACKER,modelo,77,Chevrolet Tracker,Chevrolet Tracker,alta,ya escrito por el dueño,1.8(75) 1.2(5) 1.6(1) 1.0(1),12-(25) 14-(8) 13-(7) 13-20(5) 11-(4) 21-(3),CH TRACKER 1.8 13-/2 4 CEJAS,1.2 y Turbo,
HY,Hyundai,SONATA,modelo,77,,Hyundai Sonata,alta,ejemplo `HY SONATA 16- HYB OPTIMA 2.0 16`; nombre completo/abreviado; 2.0/2.4,2.0(16) 2.4(10),15-(12) 16-(10) 16-19(8) 10-(7) 17-(5) 13-(4),HY SONATA 16- HYB OPTIMA 2.0 16,,
KIA,Kia,CARENS II,submodelo,76,,Kia Carens II,media,ejemplo `KIA CARENS II 1.8 /0`; II = 2a generación (años 03-); confirmar,1.8(73),03-(6) 02-06(5) 02-07(4),KIA CARENS II 1.8 /0,generacion o version,
TY,Toyota,HILUX,modelo,222,Toyota Hilux,Toyota Hilux,alta,ya escrito por el dueño,2.7(25) 2.4(10) 2.5(8) 3.0(1),92-(7) 90-(4) 88-(2) 07-13(2) 79-(2) 07-11(2),TY HILUX 1.6L  M/T RN30L,"5a gen 1993-1997 (2.4) y 6a gen 1998-2005 (2.4 y 2.7), ambas de SOFASA Colombia. Solo nafta",
KIA,Kia,CERATO,modelo,76,,Kia Cerato,alta,ejemplo `KIA CERATO 04- 1.6`; variantes documentadas del Cerato en guía §5,1.6(18) 2.0(3) 1.8(1),04-(12) 19-(12) 04-08(8) 06-(8) -06(6) 17-(4),KIA CERATO 04- 1.6,,
MZ,Mazda,323,modelo,166,,Mazda 323,alta,ejemplo `MZ 323 /0 E5 NX 89- baja`; nombre completo,1.5(15) 1.3(3) 1.2(2) 1.6(1) 2.0(1),89-(8) 80-(7) 92-(7) 96-(3) -99(2) 95-(2),MZ 323 /0 E5 NX 89- baja,,
SZ,Suzuki,S-CROSS,modelo,78,,Suzuki S-Cross,alta,ejemplo `SZ S-CROSS 1.6 19-`; nombre completo; años 17-,1.6(22) 1.5(3) 2.4(2) 1.4(1) 2.2(1),17-(19) 18-(18) 19-(10) 18-20(6) 23-(2),SZ S-CROSS 1.6 19-,,
CH,Chevrolet,TAXI,modelo,70,,Chevrolet Aveo Family taxi,baja,"ejemplo `CH TAXI  /0 DW LAN CIEL RAC`; ¿es Aveo Family taxi, Corsa taxi u otro? La guía §5 lo deja PENDIENTE; ejemplo lista Lanos/Cielo/Racer",1.5(16) 2.2(4),06-(2) -06(1),CH TAXI  /0 DW LAN CIEL RAC,,
CH,Chevrolet,TAX,modelo,69,,Chevrolet Aveo Family taxi,baja,"ejemplo `CH TAX /0 DW LAN CIEL 76.5mm1.5*1.5*3`; ¿es Aveo Family taxi, Corsa taxi u otro? La guía §5 lo deja PENDIENTE; ejemplo lista Lanos/Cielo/Racer",1.5(11) 1.4(11) 1.6(7) 1.8(4) 1.3(4) 2.2(2),05-(1),CH TAX /0 DW LAN CIEL 76.5mm1.5*1.5*3,,
KIA,Kia,NIRO,modelo,68,,Kia Niro,alta,ejemplo `KIA NIRO 1.6 16- HY IONIQ 1.6 16- /0`; nombre completo,1.6(59),16-(34) 17-(30) 21-(2) 18-(2) 19-(1) 17-20(1),KIA NIRO 1.6 16- HY IONIQ 1.6 16- /0,,
KIA,Kia,PICANT,modelo,67,,Kia Picanto,alta,ejemplo `KIA PICANT 04- ATOS 06- I10 08- 27*99*5.5 X4`; variantes documentadas del Picanto en guía §5,1.1(11) 1.0(6) 2.4(3) 1.2(1),18-(22) 05-(14) 08-(8) 04-(6) 07-(6) 09-(4),KIA PICANT 04- ATOS 06- I10 08- 27*99*5.5 X4,,
HY,Hyundai,TUC IX,submodelo,66,,Hyundai Tucson ix / ix35 (LM),alta,"ejemplo `HY TUC IX -13 SPORTAGE R 11-`; misma generación que TUCS IX, ya escrito por el dueño",2.4(22) 2.0(1),10-(36) 11-(16) 14-(12) -13(9) 14-15(3) 06-(3),HY TUC IX -13 SPORTAGE R 11-,generacion o version,
KIA,Kia,SOUL,modelo,69,,Kia Soul,alta,ejemplo `KIA SOUL 1.6 08-`; nombre completo/typo,1.6(49),08-(36) 09-(7) 15-(5) 16-(2) 20-(2) 18-(2),KIA SOUL 1.6 08-,,
DW,Daewoo,MATIZ,modelo,75,Daewoo Matiz,Daewoo Matiz,alta,ya escrito por el dueño,8.0(1),-05(7) -02(2) -04(2) 02-07(2) 98-02(1) 03-05(1),DW MATIZ /0 TICO SPARK 3cilin,"= Chevrolet Spark en Ecuador. 0.8L 3cil, motor F8C (51CV). INTERCAMBIABLE CON SPARK, NO con Spark GT",
KIA,Kia,PICANT R,submodelo,62,Kia Picanto 1.0L R,Kia Picanto 1.0L R,alta,ya escrito por el dueño,1.0(27) 1.2(11) 1.1(4) 1.8(1),12-(31) 18-(6) 17-(5) 12-16(2) 18-19(2) 16-(2),KIA PICANT R 12- 3CIL/2,Idem PICANTO R,
HY,Hyundai,ACC VER,REVISAR,63,,Hyundai Accent (Verna),baja,"ejemplo `HY ACC VER 12V`; ACC y VER son el mismo auto según el dueño (Accent Verna); ¿la fila agrupa Accent y Verna, o son Accent 1.5 y Verna distintos?",1.5(4) 2.2(2) 2.4(2) 4.2(1),98-05(6) 00-(4) -05(4) 95-04(2) 08-(2) 35-(1),HY ACC VER 12V,"posible: DOS vehiculos compatibles, no un submodelo",
HY,Hyundai,H1 STAREX,submodelo,63,,Hyundai H-1 Starex (1a gen),media,ejemplo `HY H1 STAREX DSL TERRC 2.5 GUIA ALTA`; Starex es el H-1 anterior al Grand Starex (años 01-06 en el catálogo); confirmar si es otra generación,2.5(3) 2.7(1),04-(4) 02-(3) 05-(2) -06(2) 01-(1) 02-06(1),HY H1 STAREX DSL TERRC 2.5 GUIA ALTA,generacion o version,
HY,Hyundai,IONIQ,modelo,61,,Hyundai Ioniq,alta,ejemplo `HY IONIQ 1.6 16- NIRO`; nombre completo; 1.6 años 16-17; ejemplo lista Niro compatible,1.6(22),17-(51) 16-(27) 17-22(4) 15-(2) 21-(2) 18-(1),HY IONIQ 1.6 16- NIRO,,
NS,Nissan,SEN B15,submodelo,59,Nissan Sentra 5a gen (B15),Nissan Sentra 5a gen (B15),alta,ya escrito por el dueño,1.8(18) 2.2(1),01-(1) 06-(1) 08-(1),NS SEN B15 1.8 QG18 16V X8,"1.8L, motor QG18DE. Global 2000-2006",
SZ,Suzuki,FORSA I,modelo,116,,Chevrolet Forsa I,media,"ejemplo `SZ FORSA I II /0 3C`; ejemplo ""FORSA I II /0 3C"": agrupa Forsa I y II; confirmar",1.6(2),,SZ FORSA I II /0 3C,nombre compuesto (la raiz sola casi no aparece),
SZ,Suzuki,VIT 3P,modelo,58,,Chevrolet Vitara 3 puertas,media,ejemplo `SZ VIT 3P 8V`; 3P = 3 puertas; Vitara se cataloga bajo Chevrolet según nota del dueño,1.6(2) 1.3(1),98-(2) -93(2) -87(1) 00-01(1) -00(1) 91-(1),SZ VIT 3P 8V,nombre compuesto (la raiz sola casi no aparece),
REN,Renault,LOGAN,modelo,57,Renault Logan,Renault Logan,alta,ya escrito por el dueño,1.6(15) 1.4(7) 2.0(1),04-(3) -12(2) -11(2) 16-(1) -15(1) 14-16(1),REN LOGAN,"Plataforma B0, comparte mecanica con Sandero. 1.6 16v 111CV. La 3a gen (2021+) pasa a CMF-B y NO comparte repuestos con B0",
HY,Hyundai,TUCSON,modelo,56,,Hyundai Tucson,alta,ejemplo `HY TUCSON 05- MATRX 1.8 SPORTAG ACTIVE`; variante de escritura de TUCS (guía §5); sin generación: años 05- a 24-,2.0(7) 1.8(5),05-(17) 16-(4) 20-(4) 18-(3) 06-(2) 15-(2),HY TUCSON 05- MATRX 1.8 SPORTAG ACTIVE,,
KIA,Kia,RIO R,submodelo,55,Kia Rio version R,Kia Rio version R,alta,ya escrito por el dueño,1.4(4),12-(41) 12-14(2) 12-17(2) 11-(2) 08-(1) 16-17(1),KIA RIO R 1.4 AD,"La R aca es ACABADO, no generacion. Avisos EC 2017 y 2020, 1.4L",
HY,Hyundai,TUC,modelo,54,,Hyundai Tucson,alta,ejemplo `HY TUC 2.0 GAS /0 SPORTAG 06- FINO`; variante de escritura de TUCS (guía §5); sin generación: años 05- a 24-,2.0(22) 1.8(8) 2.5(2),06-(16) 05-(16) 22-(7) 24-(2) 21-(1),HY TUC 2.0 GAS /0 SPORTAG 06- FINO,,
KIA,Kia,PIC,modelo,54,,Kia Picanto,alta,ejemplo `KIA PIC 18- RIO 18- SOLUTO 19- I10 1.2 11-19 AD/EX`; variantes documentadas del Picanto en guía §5,1.2(27) 1.1(20) 1.4(2) 1.5(2) 1.0(2) 2.7(1),18-(63) 19-(35) 11-23(8) 11-19(7) 12-(6) 08-(5),KIA PIC 18- RIO 18- SOLUTO 19- I10 1.2 11-19 AD/EX,,
HY,Hyundai,VERNA,modelo,57,Hyundai Accent Verna,Hyundai Accent Verna,alta,ya escrito por el dueño,1.4(3) 1.5(1) 1.6(1),00-05(8) 00-(6) -05(4) 19-(3) 03-(2) 03-05(2),HY VERNA 00- DELT,"MISMO AUTO QUE VER, unificar",
KIA,Kia,SPORTAGE,modelo,62,,Kia Sportage,alta,ejemplo `KIA SPORTAGE -03 LUV 3.2 V6 AD/EX`; variantes documentadas del Sportage en guía §5/§13; años -03 = 1a gen,2.7(2) 3.2(1),-03(27) 16-(4) 22-(3) 18-(3) 15-(3) 17-(2),KIA SPORTAGE -03 LUV 3.2 V6 AD/EX,,
HY,Hyundai,SONAT HYB,submodelo,53,,Hyundai Sonata Hybrid,alta,ejemplo `HY SONAT HYB 2.0 15-/0 KIA OPTIMA HYB 2.0 17-`; HYB/HYBRID = híbrido; ejemplo lista Optima Hybrid compatible,2.4(22) 2.0(13),16-(16) 13-(15) 13-15(3) 18-(3) 20-(3) 17-(2),HY SONAT HYB 2.0 15-/0 KIA OPTIMA HYB 2.0 17-,generacion o version,
HY,Hyundai,EXC,modelo,54,,Hyundai Excel,alta,"ejemplo `HY EXC /2 MT LANC /JP`; Excel 1.5 años 92-96 (EXC es abreviatura de EXCEL, que también existe en el catálogo)",1.5(9) 1.3(1),92-96(3) 92-(2) 92-94(1) 88-96(1) 87-(1),HY EXC /2 MT LANC /JP,,
NS,Nissan,VERSA,modelo,48,Nissan Versa (N17/N18),Nissan Versa (N17/N18),alta,ya escrito por el dueño,1.6(20),12-(9) 17-(5) 12-15(4) 11-(4) 16-(3) 20-(3),NS VERSA 1.6 16-,Sedan DISTINTO del Tiida. 1.6 HR16DE / 1.8 MR18DE,
CH,Chevrolet,4ZD1,modelo,43,"MOTOR Isuzu 2.3, NO es un modelo","MOTOR Isuzu 2.3, NO es un modelo",alta,ya escrito por el dueño,2.3(36) 2.0(5) 2.6(5),86-(6),CH 4ZD1 /0 LUV TRO 2.3,,
SZ,Suzuki,VIT 3/5P,modelo,44,,Chevrolet Vitara 3 y 5 puertas,media,ejemplo `SZ VIT 3/5P /0 SWIFT`; ejemplo agrupa 3 y 5 puertas; lista Swift/Steem compatibles,1.6(1) 0.9(1) 2.2(1),99-02(1),SZ VIT 3/5P /0 SWIFT,nombre compuesto (la raiz sola casi no aparece),
NS,Nissan,FRONT,modelo,42,Nissan Frontier,Nissan Frontier,alta,ya escrito por el dueño,2.4(14) 2.5(6) 2.0(2) 2.3(1) 3.0(1),05-(8) 85-(2) 20-(1) 15-(1) 19-(1),NS FRONT 2.4 KA24 16V/0,"MISMO VEHICULO QUE NAVARA, unificar (66+22=88 filas)",
CH,Chevrolet,TAX AVE,submodelo,41,Chevrolet Aveo Family version taxi,Chevrolet Aveo Family version taxi,alta,ya escrito por el dueño,1.4(1),06-(2),CH TAX AVE 8V KIT X8,Idem TAX AVEO,
CH,Chevrolet,ONIX,modelo,43,Chevrolet Onix,Chevrolet Onix,alta,ya escrito por el dueño,1.0(19) 1.2(3) 1.4(1),20-(12) 21-(11) 19-(10) 12-(2) 22-(1) 20-24(1),CH ONIX 1.0,1.2 y Turbo,
TY,Toyota,HIACE,modelo,66,,Toyota Hiace,alta,ejemplo `TY HIACE 95- STOUT II 1RZ 2RZ POLEA BAJA`; nombre completo,3.0(1) 2.7(1) 2.4(1) 2.6(1),05-(7) 89-(4) 95-(3) 96-(2) 08-(2) -95(1),TY HIACE 95- STOUT II 1RZ 2RZ POLEA BAJA,,
KIA,Kia,SONET,modelo,43,,Kia Sonet,alta,ejemplo `KIA SONET 20- SELTOS HY ACC 24- CRETA 1.5 21-`; nombre completo; años 20-,1.5(35),22-(26) 21-(15) 20-(3) 24-(3) 19-(2) 23-(1),KIA SONET 20- SELTOS HY ACC 24- CRETA 1.5 21-,,
CH,Chevrolet,SPARK DW,submodelo,40,Chevrolet Spark + Daewoo Matiz,Chevrolet Spark + Daewoo Matiz,alta,ya escrito por el dueño,1.3(1),98-02(1),CH SPARK DW MATIZ X4,Correcto solo si EXCLUYE al Spark GT,
KIA,Kia,SELTOS,modelo,39,,Kia Seltos,alta,ejemplo `KIA SELTOS 20- CRETA 1.5 21-`; nombre completo; años 19-21,1.6(19) 1.5(12),20-(28) 21-(16) 19-(8) 17-(2) 22-(2),KIA SELTOS 20- CRETA 1.5 21-,,
CH,Chevrolet,LUV TRO,submodelo,66,LUV + Trooper,LUV + Trooper,alta,ya escrito por el dueño,2.3(28) 2.0(7) 1.6(5) 3.2(1),89-(2) 86-(1),CH LUV TRO 2.3 2.0 1.6 AD,"DOS VEHICULOS distintos listados juntos, no un submodelo",
KIA,Kia,OPTIMA,modelo,38,,Kia Optima,alta,ejemplo `KIA OPTIMA 2.0`; nombre completo; 2.0 años 13-,2.0(12),16-(16) 13-15(6) 13-(4) 17-(3) 14-(3) 15-(2),KIA OPTIMA 2.0,,
CH,Chevrolet,JOY,modelo,42,,Chevrolet Joy,alta,ejemplo `CH JOY 1.4 19-`; nombre completo; 1.4 años 18-22,1.4(24) 1.8(3) 1.2(1),22-(11) 21-(8) 19-(7) 18-(1),CH JOY 1.4 19-,,
HY,Hyundai,STARIA,modelo,37,,Hyundai Staria,alta,ejemplo `HY STARIA 21-`; nombre completo; años 21-,3.5(3) 2.2(1),21-(27) 22-(9) 20-(2) 16-(1) 19-(1),HY STARIA 21-,,
CH,Chevrolet,STEEM,modelo,48,,Chevrolet Steem,alta,ejemplo `CH STEEM 1.6 VIT SWIFT/0  3 H/LUBRICACION`; la nota del dueño dice que los Suzuki (incluido Steem) se catalogan bajo Chevrolet,1.6(10) 1.3(5),95-(1) 96-00(1) 02-(1),CH STEEM 1.6 VIT SWIFT/0  3 H/LUBRICACION,,
MZ,Mazda,ALEG,modelo,37,,Mazda Allegro,alta,ejemplo `MZ ALEG /2 1.6 ZM`; variantes documentadas de Allegro (guía §5),1.6(22) 1.3(2),00-(2) 98-02(1) 89-98(1) 02-(1) 02-06(1) -02(1),MZ ALEG /2 1.6 ZM,,
KIA,Kia,CERATO FORTE,submodelo,37,,Kia Cerato Forte,media,ejemplo `KIA CERATO FORTE 2.0 10-`; Forte = generación 2008-12 del Cerato (años 08-/10-/11-); confirmar si aparece como submodelo,1.6(4) 2.0(2),18-(5) 06-11(4) 10-(3) 08-(3) 10-16(2) 11-(2),KIA CERATO FORTE 2.0 10-,generacion o version,
KIA,Kia,CARENS RONDO,submodelo,36,,Kia Carens Rondo,media,ejemplo `KIA CARENS RONDO 2.0 DSL`; Rondo es nombre de Carens 2a/3a gen (años 07-); confirmar,2.0(9),07-(10) 06-(5) 09-(3) 07-11(3) 08-(1) 10-(1),KIA CARENS RONDO 2.0 DSL,generacion o version,
KIA,Kia,CARNIVAL R,submodelo,36,,Kia Carnival R,baja,ejemplo `KIA CARNIVAL R 3.3 14- SORENTO 3.3 14-`; ¿R es versión/generación del Carnival o Grand Carnival? La fila de CARNIVAL ya tiene la nota de Grand Carnival,3.3(39) 2.4(1),14-(11) 15-(9) 16-(7) 18-(1),KIA CARNIVAL R 3.3 14- SORENTO 3.3 14-,generacion o version,
MT,Mitsubishi,MONT,modelo,127,Mitsubishi Montero (Pajero),Mitsubishi Montero (Pajero),alta,ya escrito por el dueño,3.0(12) 2.6(9) 1.3(1),92-(4) 91-(1) 82-(1) 89-93(1) 91-95(1),MT MONT 12V 6G72 /0 V6,"1a gen L040 1982-91, 2a V20 1991-2000, 3a V60 2000-06, 4a V80 2006-21. OJO: Montero Sport es OTRO vehiculo, deriva del L200",
SZ,Suzuki,VIT 5P,modelo,38,,Chevrolet Vitara 5 puertas,media,ejemplo `SZ VIT 5P /0 SWIFT G16A`; 5P = 5 puertas,1.6(2),95-02(2) 90-(2) 92-(2) 91-98(1),SZ VIT 5P /0 SWIFT G16A,nombre compuesto (la raiz sola casi no aparece),
HY,Hyundai,SONATA HYB,submodelo,36,,Hyundai Sonata Hybrid,alta,ejemplo `HY SONATA HYB 15- /0 KIA OPTIMA HYB 15- /0`; HYB/HYBRID = híbrido; ejemplo lista Optima Hybrid compatible,2.0(12) 2.4(5),15-(20) 16-(10) 16-19(2) 13-15(1) 14-15(1) 13-(1),HY SONATA HYB 15- /0 KIA OPTIMA HYB 15- /0,generacion o version,
HY,Hyundai,ELANTRA,modelo,38,,Hyundai Elantra,alta,"ejemplo `HY ELANTRA 12-`; nombre completo, guía §5",1.6(3) 1.8(3),12-(13) 06-(9) 17-(4) 14-(2) 00-06(2) 08-(1),HY ELANTRA 12-,,
KIA,Kia,XCITE,modelo,34,"Acabado, NO es un modelo","Acabado, NO es un modelo",alta,ya escrito por el dueño,1.4(6),06-(10) 10-(1),KIA XCITE 06- POST HY ACC 06-,"Acabado del Kia Soluto (tambien existe Rio Xcite). Comparte motor G4LC con el Hyundai Accent, por eso aparece junto al Accent",
DW,Daewoo,LAN CIEL,modelo,32,Daewoo Lanos + Cielo,Daewoo Lanos + Cielo,alta,ya escrito por el dueño,,,DW LAN CIEL RAC,Agrupacion habitual del comercio ecuatoriano,
SZ,Suzuki,VIT 3-5P,modelo,31,,Chevrolet Vitara 3 y 5 puertas,media,ejemplo `SZ VIT 3-5P INY CH STEEM`; ejemplo agrupa 3 y 5 puertas; lista Swift/Steem compatibles,1.8(1),01-(2) -03(1),SZ VIT 3-5P INY CH STEEM,nombre compuesto (la raiz sola casi no aparece),
HY,Hyundai,TUC TL,submodelo,30,,Hyundai Tucson 3a gen (TL),alta,"ejemplo `HY TUC TL  SPORTAGE GT 16-`; misma generación que TUCS TL, ya escrito por el dueño",2.0(3) 2.4(1) 3.3(1),16-(21) 21-(5) 19-(5) 17-(3) 14-(3) 13-(3),HY TUC TL  SPORTAGE GT 16-,generacion o version,
TY,Toyota,22R,modelo,48,"MOTOR 2366cc SOHC I4 nafta, NO es un modelo","MOTOR 2366cc SOHC I4 nafta, NO es un modelo",alta,ya escrito por el dueño,2.4(1),79-(5) 92-(1),TY 22R /0 RUN,"Motor Toyota serie R. En EC: Hilux 1993-1997 (22R-E). Las Hilux de SOFASA fueron TODAS nafta, no hubo diesel",
KIA,Kia,CERAT FORT,submodelo,32,,Kia Cerato Forte,media,ejemplo `KIA CERAT FORT 1.6 A/C COMPLT`; Forte = generación 2008-12 del Cerato (años 08-/10-/11-); confirmar si aparece como submodelo,1.6(9) 1.2(2),11-(8) 10-(6) 09-(6) 10-13(4) 08-(3) -23(2),KIA CERAT FORT 1.6 A/C COMPLT,generacion o version,
HY,Hyundai,VER GETZ,REVISAR,29,,Hyundai Accent Verna + Hyundai Getz (compatibles),baja,"ejemplo `HY VER GETZ MATRIX 1.6 DEL CKP`; ¿se cataloga como Verna y también sirve para Getz/Matrix, o es otro modelo?",1.6(6) 1.1(3),-23(2) 19-(2) 05-(2) 02-05(1),HY VER GETZ MATRIX 1.6 DEL CKP,"posible: DOS vehiculos compatibles, no un submodelo",
MZ,Mazda,ALEGRO,modelo,35,,Mazda Allegro,alta,ejemplo `MZ ALEGRO 1.6 16V  X8`; variantes documentadas de Allegro (guía §5),1.6(17) 1.3(1),03-(3) 00-(1),MZ ALEGRO 1.6 16V  X8,,
KIA,Kia,CERATO FORT,submodelo,28,,Kia Cerato Forte,media,ejemplo `KIA CERATO FORT 08-`; Forte = generación 2008-12 del Cerato (años 08-/10-/11-); confirmar si aparece como submodelo,1.6(2),08-(4) 11-(4) 10-(3) 10-15(1),KIA CERATO FORT 08-,generacion o version,
NS,Nissan,QASHQAI,modelo,29,,Nissan Qashqai,alta,ejemplo `NS QASHQAI 1.6 10-14 TIIDA HR16DE 16V`; variante documentada de Qashqai (guía §5),2.0(10) 1.6(3),14-(6) 15-(4) 10-14(3) 09-(3) 15-19(3) 15-21(2),NS QASHQAI 1.6 10-14 TIIDA HR16DE 16V,,
DW,Daewoo,RAC CIEL,modelo,37,Daewoo Racer / Cielo,Daewoo Racer / Cielo,alta,ya escrito por el dueño,,,DW RAC CIEL,"Mismo auto. Las tiendas de EC usan la categoria literal: Daewoo Cielo, Lanos, Racer",
HY,Hyundai,EXCEL,modelo,74,,Hyundai Excel,alta,"ejemplo `HY EXCEL`; Excel 1.5 años 92-96 (EXC es abreviatura de EXCEL, que también existe en el catálogo)",1.5(2) 1.3(1) 1.6(1),92-(5) 92-96(3) 86-96(1) 94-(1) -94(1),HY EXCEL,,
SZ,Suzuki,SWIFT,modelo,43,,Chevrolet Swift,alta,ejemplo `SZ SWIFT 1.6`; la nota del dueño dice que Swift se cataloga bajo Chevrolet,1.6(6) 1.3(1),-95(1) 01-(1),SZ SWIFT 1.6,,
HY,Hyundai,ELAN,modelo,28,,Hyundai Elantra,alta,ejemplo `HY ELAN 1.8 12-`; variante de escritura de ELANT (guía §5),1.6(17) 1.8(3),12-(12) 08-(5) 03-06(4) 06-09(3) 14-18(2) 20-(2),HY ELAN 1.8 12-,,
KIA,Kia,CARNIV,modelo,26,,Kia Carnival,alta,ejemplo `KIA CARNIV 2.9 TERRAC 2.9 A/C C/BASE`; variante de CARNIVAL,2.9(32) 2.5(7) 3.0(3) 3.3(2) 2.2(1) 2.0(1),-05(4) 14-19(1) 16-(1),KIA CARNIV 2.9 TERRAC 2.9 A/C C/BASE,,
KIA,Kia,CERAT,modelo,26,,Kia Cerato,alta,ejemplo `KIA CERAT 1.6 18- ACC 1.6 22- VENUE 19-`; variantes documentadas del Cerato en guía §5,1.6(7) 2.0(2),14-(5) 18-(3) 22-(3) 19-(3) 10-(3) 06-(2),KIA CERAT 1.6 18- ACC 1.6 22- VENUE 19-,,
CH,Chevrolet,6VD1,modelo,25,"MOTOR Isuzu 3.2 V6, NO es un modelo","MOTOR Isuzu 3.2 V6, NO es un modelo",alta,ya escrito por el dueño,3.2(14) 3.5(9),98-(3) -98(2) 92-(2),CH 6VD1 /0 LUV 3.2 DMAX,,
MT,Mitsubishi,4G63,modelo,25,"MOTOR 2.0L Mitsubishi (familia Sirius), NO es un modelo","MOTOR 2.0L Mitsubishi (familia Sirius), NO es un modelo",alta,ya escrito por el dueño,,92-(22) 93-96(3),MT 4G63 /0 L200 92-,"Usos: Montero 1a gen, L200/Triton, Lancer, Outlander",
CH,Chevrolet,GRA VIT,modelo,24,,Chevrolet Grand Vitara,alta,ejemplo `CH GRA VIT /0 J18 J20 2.0 -07`; variante truncada/typo de GRAN VIT (ya escrito por el dueño; guía §5),2.0(10) 2.7(3) 2.5(3),-07(10) 06-(9),CH GRA VIT /0 J18 J20 2.0 -07,nombre compuesto (la raiz sola casi no aparece),
HY,Hyundai,H100 DSL/GAS,submodelo,24,,Hyundai H100,alta,"ejemplo `HY H100 DSL/GAS MT MONT`; DSL/GAS es combustible, no un submodelo; la raíz es H100 (ya escrito por el dueño)",,-99(1),HY H100 DSL/GAS MT MONT,generacion o version,
KIA,Kia,PICANTO HY,submodelo,24,,Kia Picanto,media,ejemplo `KIA PICANTO HY ATOS 01-`; el HY del ejemplo parece ser Hyundai Atos compatible; confirmar,1.1(10),01-(5) -09(4) 06-(3) 11-(3) 08-(1),KIA PICANTO HY ATOS 01-,generacion o version,
HY,Hyundai,TERRACAN,modelo,25,,Hyundai Terracan,alta,"ejemplo `HY TERRACAN 2.9`; nombre completo, guía §5",3.5(6) 2.9(4) 2.5(2),01-(1),HY TERRACAN 2.9,,
CH,Chevrolet,CORSA,modelo,33,,Chevrolet Corsa,alta,ejemplo `CH CORSA 1.3-1.8 EVOL KIT`; nombre completo,1.3(5) 1.4(3) 1.6(2) 1.8(1),,CH CORSA 1.3-1.8 EVOL KIT,,
NS,Nissan,FRONTIER,modelo,25,Nissan Frontier,Nissan Frontier,alta,ya escrito por el dueño,3.0(2) 2.5(1) 2.4(1),10-(2) 05-08(2) 17-(1) 12-(1) 92-(1) 14-(1),NS FRONTIER 3.0 URBAN,"MISMO VEHICULO QUE NAVARA, unificar",
NS,Nissan,XTRAIL QR25,submodelo,23,Nissan X-Trail motor QR25DE,Nissan X-Trail motor QR25DE,alta,ya escrito por el dueño,2.5(11) 1.8(1) 1.6(1),02-09(2) 00-07(1) 15-(1) 01-07(1) 03-13(1) 09-12(1),NS XTRAIL QR25 T31 16V 2.5  X8,"OJO: el QR25 se uso en T30, T31 y T32 por igual. NO identifica generacion",
SZ,Suzuki,VIT,modelo,37,,Chevrolet Vitara,alta,ejemplo `SZ VIT 8V 3P X4`; variante documentada de Vitara (guía §5),1.6(1),-96(2) 07-(1),SZ VIT 8V 3P X4,,
HY,Hyundai,SONATA HYBRID,submodelo,23,,Hyundai Sonata Hybrid,alta,ejemplo `HY SONATA HYBRID 2.0 KIA OPTIMA HYBRID 2.0`; HYB/HYBRID = híbrido; ejemplo lista Optima Hybrid compatible,2.0(7) 2.4(3),15-(7) 13-15(3) 14-(2) 21-(2) 16-(2) 18-(1),HY SONATA HYBRID 2.0 KIA OPTIMA HYBRID 2.0,generacion o version,
SZ,Suzuki,GRAN VIT,modelo,25,Chevrolet Grand Vitara,Chevrolet Grand Vitara,alta,ya escrito por el dueño,2.0(7) 2.4(4) 2.7(2),08-17(1) 06-15(1) 06-(1),SZ GRAN VIT SZ 2.0 2.7,"En Ecuador los Suzuki se catalogan bajo marca CHEVROLET (Vitara, Grand Vitara, Swift, Steem)",
NS,Nissan,NAVARA,modelo,25,Nissan Navara,Nissan Navara,alta,ya escrito por el dueño,2.5(8),07-(3) 05-(3) 05-13(1) -08(1) 09-(1) 05-06(1),NS NAVARA 2.5 05-13 DSL 4*4,"MISMO VEHICULO QUE FRONTIER, distinto nombre de mercado. Unificar",
DW,Daewoo,LAN,modelo,22,Daewoo Lanos,Daewoo Lanos,alta,ya escrito por el dueño,,00-(2) -99(1),DW LAN -99 R/L,Variante de escritura de LANOS,
CH,Chevrolet,ASTRA,modelo,24,,Chevrolet Astra,alta,ejemplo `CH ASTRA 2.0 16V -03`; nombre completo; 2.0 años 98-03,2.0(7) 1.8(1),98-(3) -03(1) 99-(1) 02-09(1) 03-(1),CH ASTRA 2.0 16V -03,,
KIA,Kia,CERATO R,submodelo,21,,Kia Cerato R,baja,ejemplo `KIA CERATO R 14-18`; ¿la R es acabado (como Picanto R/Rio R) o generación (como Sportage R)? Años 14-18/19-,1.6(3),19-(9) 14-18(3) 15-(3) 12-16(2) 16-(2) 19-22(1),KIA CERATO R 14-18,generacion o version,
CH,Chevrolet,CAVALIER,modelo,22,Chevrolet Cavalier,Chevrolet Cavalier,alta,ya escrito por el dueño,1.5(17) 1.8(1),18-(13) 20-(3) 18-23(1) 12-(1),CH CAVALIER 1.5  18- CON SENSOR,1.5,
CH,Chevrolet,6VD1 LUV,REVISAR,21,,Motor Isuzu 6VD1 3.2 V6 (para LUV),baja,ejemplo `CH 6VD1 LUV /0 3.2 00-`; 6VD1 es un motor (ya escrito por el dueño); ¿es LUV + 6VD1 o un solo vehículo?,3.2(17) 3.5(4),00-(9) 98-(4) -98(1),CH 6VD1 LUV /0 3.2 00-,"posible: DOS vehiculos compatibles, no un submodelo",
CH,Chevrolet,AVEO DW,submodelo,21,,Chevrolet Aveo + Daewoo Nubira/Tacuma (compatibles),media,"ejemplo `CH AVEO DW NUB TAC 16V`; ejemplo ""AVEO DW NUB TAC 16V"": Aveo con lista de compatibles Daewoo; confirmar",,,CH AVEO DW NUB TAC 16V,generacion o version,
SZ,Suzuki,FORZA,modelo,65,,Chevrolet Forsa,media,ejemplo `SZ FORZA II`; FORZA es probable typo de FORSA; confirmar,1.6(1),91-99(1) 92-96(1),SZ FORZA II,,
MZ,Mazda,3,modelo,22,,Mazda 3,alta,ejemplo `MZ 3 1.6 10-16 P/D/R`; nombre completo,1.6(9) 2.0(4) 1.5(1),12-(3) 10-16(2) 06-10(2) 05-(2) 14-(2) 15-(1),MZ 3 1.6 10-16 P/D/R,,
HY,Hyundai,I10 ATOS,REVISAR,19,,Hyundai i10 + Hyundai Atos (compatibles),baja,ejemplo `HY I10 ATOS PICANT/0`; ¿es un solo modelo o la pieza sirve para i10 y Atos?,,07-(1),HY I10 ATOS PICANT/0,"posible: DOS vehiculos compatibles, no un submodelo",
KIA,Kia,SPECTRA,modelo,22,,Kia Spectra,alta,ejemplo `KIA SPECTRA 1.6 /0`; nombre completo/abreviado; 1.6 años 00-04,1.6(10) 1.5(1),00-03(2) 03-(2) -03(1) -02(1),KIA SPECTRA 1.6 /0,,
KIA,Kia,SPORTAG R,submodelo,19,Kia Sportage R (gen SL),Kia Sportage R (gen SL),alta,ya escrito por el dueño,3.4(3),14-(6) 11-13(1) 18-(1) 20-(1) 21-(1) 12-(1),KIA SPORTAG R DELT LH,La R aca SI es GENERACION: 2010. 1995-1998cc. En EC 2.0 de 166hp,
MT,Mitsubishi,4G54,modelo,21,"MOTOR 2.6L Mitsubishi (familia Astron), NO es un modelo","MOTOR 2.6L Mitsubishi (familia Astron), NO es un modelo",alta,ya escrito por el dueño,2.6(18),-96(1),MT 4G54 /0 MONT MZ 2.6,"Usos: Pajero/Montero 1a gen 1982-1991, L200 2a gen 1986-1996",
TY,Toyota,STOUT II,modelo,20,Toyota Hilux N140 cabina simple 2WD,Toyota Hilux N140 cabina simple 2WD,alta,ya escrito por el dueño,2.4(1),97-05(1),TY STOUT II 2RZ 16V,"NO ES UN STOUT. Nombre comercial exclusivo de Ecuador para el Hilux 6a gen. 1998-2005, solo nafta 2.4 o 2.7 (SOFASA Colombia). Verificado en toyota.com.ec archivado feb-2003",
HY,Hyundai,I30,modelo,19,,Hyundai i30,alta,ejemplo `HY I30 1.8 13-`; nombre completo; 1.6/1.8 años 08-,1.6(2) 1.8(1),12-(7) 08-11(7) 13-(1) 08-12(1) 08-(1) 13-15(1),HY I30 1.8 13-,,
CH,Chevrolet,ASTRA ZAFIRA,modelo,20,,Chevrolet Astra + Zafira,media,ejemplo `CH ASTRA ZAFIRA VECT/2 PLANO`; nombre compuesto; confirmar si la pieza sirve para ambos,,02-(2),CH ASTRA ZAFIRA VECT/2 PLANO,nombre compuesto (la raiz sola casi no aparece),
CH,Chevrolet,COR TODOS,ALCANCE,20,,Chevrolet Corsa (alcance: todos),alta,"ejemplo `CH COR TODOS`; guía §10.bis: ""CH COR TODOS = todos los Corsa""",,-05(1),CH COR TODOS,NO es modelo: sirve para todos. Ver seccion 10.bis,
KIA,Kia,SPORTAGE R,submodelo,18,Kia Sportage R (gen SL),Kia Sportage R (gen SL),alta,ya escrito por el dueño,,14-(7) 18-(3) 11-(2) 12-(2) 13-(1) 11-15(1),KIA SPORTAGE R 14- HY TUC IX 14- TL G4NA,Idem SPORTAG R,
CH,Chevrolet,BEAT,modelo,19,,Chevrolet Beat,alta,ejemplo `CH BEAT 1.2 19-`; nombre completo; 1.2 años 18-19,1.2(11),19-(7) 18-(2),CH BEAT 1.2 19-,,
CH,Chevrolet,4ZE1,modelo,19,"MOTOR Isuzu 2.6, NO es un modelo","MOTOR Isuzu 2.6, NO es un modelo",alta,ya escrito por el dueño,2.6(17),,CH 4ZE1 /0 ROD 2.6,,
NS,Nissan,KA24,modelo,23,"MOTOR 2.4L, NO es un modelo","MOTOR 2.4L, NO es un modelo",alta,ya escrito por el dueño,2.4(2) 2.0(2),86-95(2) 98-05(1),NS KA24 2.4 VANET,Motor KA24E/KA24DE de la camioneta D21/D22 (en EC Nissan 2400 o Frontier 2.4). Ningun Sentra uso KA24. Estas filas van a FRONTIER,
HY,Hyundai,TUCSON IX,submodelo,17,,Hyundai Tucson ix / ix35 (LM),alta,"ejemplo `HY TUCSON IX SPORTAGE R PILA`; misma generación que TUCS IX, ya escrito por el dueño",2.0(1),14-(2) -15(2) 09-(1),HY TUCSON IX SPORTAGE R PILA,generacion o version,
CH,Chevrolet,GRAN,modelo,19,,Chevrolet Grand Vitara,alta,ejemplo `CH GRAN VITR SZ FORSA II`; variante truncada/typo de GRAN VIT (ya escrito por el dueño; guía §5),2.0(6) 2.7(2) 2.4(1),,CH GRAN VITR SZ FORSA II,,
CH,Chevrolet,SPARK 3C,submodelo,16,,Chevrolet Spark 3 cilindros (Matiz),alta,ejemplo `CH SPARK 3C DW MATIZ`; 3C = 3 cilindros; el dueño ya unificó Spark = Matiz (excluyendo Spark GT),,,CH SPARK 3C DW MATIZ,generacion o version,
DW,Daewoo,NUB,modelo,16,Daewoo Nubira,Daewoo Nubira,alta,ya escrito por el dueño,2.0(4) 1.8(1),98-01(2) 98-03(2),DW NUB DELT,"1.6 o 2.0. OJO: la agrupacion con el Aveo 1.6 es SOSPECHOSA. El Aveo viene del Kalos T200 y el Nubira de plataforma J100/J150, son distintas. REVISAR",
HY,Hyundai,SONAT,modelo,16,,Hyundai Sonata,alta,ejemplo `HY SONAT 98- 2.0 /2`; nombre completo/abreviado; 2.0/2.4,2.0(8) 2.4(6) 2.7(1),10-(6) 98-(3) 15-(2) 13-(2) 14-(1) 13-15(1),HY SONAT 98- 2.0 /2,,
NS,Nissan,XTRAIL T31,submodelo,16,Nissan X-Trail 2a gen (T31),Nissan X-Trail 2a gen (T31),alta,ya escrito por el dueño,2.0(2) 2.5(1),07-(5) 07-15(4) 08-(3) 06-(2) 07-19(1) 07-13(1),NS XTRAIL T31 QR25DE 07- /2,Global 2007-2013. 2.0 MR20DE / 2.5 QR25DE,
NS,Nissan,XTRAIL T32,submodelo,17,Nissan X-Trail 3a gen (T32),Nissan X-Trail 3a gen (T32),alta,ya escrito por el dueño,2.0(3),15-(6) 14-(5) 17-(1) 14-17(1) 12-20(1),NS XTRAIL T32 QR25 15-,Global 2013-2022. 2.5 QR25DE,
REN,Renault,LOGAN SANDERO,submodelo,16,Renault Logan + Sandero,Renault Logan + Sandero,alta,ya escrito por el dueño,1.6(1),-11(4) 09-(1),REN LOGAN SANDERO -11 16V,"MISMA PLATAFORMA B0: mismos motores, transmisiones y suspensiones. Agrupacion correcta",
CH,Chevrolet,6VD1 TRO,submodelo,17,,Chevrolet Trooper con motor 6VD1 3.2,media,ejemplo `CH 6VD1 TRO /0 3.2 -98`; TRO = Trooper; 6VD1 es motor 3.2 V6 (años -98),3.2(15),-98(9) -97(2),CH 6VD1 TRO /0 3.2 -98,generacion o version,
KIA,Kia,PICANT I10,REVISAR,15,,Kia Picanto + Hyundai i10 (compatibles),baja,ejemplo `KIA PICANT I10 1.1 ATOS PRIME 03-`; ¿un solo modelo o pieza compatible con ambos?,1.1(4),03-(2),KIA PICANT I10 1.1 ATOS PRIME 03-,"posible: DOS vehiculos compatibles, no un submodelo",
KIA,Kia,RIO MZ,submodelo,15,,"Kia Rio 1a gen (DC, motor Mazda)",media,ejemplo `KIA RIO MZ ALEG CAREN 1.8 AUX`; la fila de RIO dice que la 1a gen monta motores Mazda; MZ aquí sería ese motor; confirmar,1.8(4),00-05(2) 84-98(2),KIA RIO MZ ALEG CAREN 1.8 AUX,generacion o version,
TY,Toyota,HIACE 2L,submodelo,23,"MOTOR 2446cc diesel, NO es un modelo","MOTOR 2446cc diesel, NO es un modelo",alta,ya escrito por el dueño,,89-(2),TY HIACE 2L /2 DSL ALTO,Motor Toyota serie L. No verificado que se vendiera Hiace diesel en EC,
DW,Daewoo,RAC CIELO,modelo,28,Daewoo Racer / Cielo,Daewoo Racer / Cielo,alta,ya escrito por el dueño,,,DW RAC CIELO CEJA,Idem RAC CIEL,
NS,Nissan,ALMERA,modelo,16,Nissan Almera (N16),Nissan Almera (N16),alta,ya escrito por el dueño,1.6(4),00-(1) -06(1),NS ALMERA,1.6 / 1.8 QG18DE,
CH,Chevrolet,GROOVE,modelo,16,,Chevrolet Groove,alta,ejemplo `CH GROOVE 1.5 21-`; nombre completo/typo; 1.5 años 21-23,1.5(12),21-(9) 22-(1) 23-(1) 21-24(1),CH GROOVE 1.5 21-,,
TY,Toyota,COROLLA,modelo,79,,Toyota Corolla,alta,"ejemplo `TY COROLLA 06- YARIS 1.3 4A`; nombre completo/typo; COROLLA2E,3E trae motor 2E/3E pegado (guía §13)",1.3(2) 1.6(1) 1.8(1) 1.5(1),09-(3) 06-(2) 04-(2) 92-(2) 00-04(1) 04-08(1),TY COROLLA 06- YARIS 1.3 4A,,
NS,Nissan,SENTRA,modelo,23,,Nissan Sentra,alta,ejemplo `NS SENTRA 2.0 MR20`; SEN en Descripcion = Sentra (guía §11),2.0(7),,NS SENTRA 2.0 MR20,,
TY,Toyota,2RZ,modelo,14,,"MOTOR Toyota 2RZ 2.4, NO es un modelo",alta,"ejemplo `TY 2RZ /0 STOUT II 2RZ FE 3RZ`; 2RZ aparece con STOUT II en el ejemplo; motor, no modelo (como 22R del dueño)",2.5(1),,TY 2RZ /0 STOUT II 2RZ FE 3RZ,,
KIA,Kia,SPORTG,modelo,13,,Kia Sportage,alta,ejemplo `KIA SPORTG -03 MZ 2.2 BT50 F2`; variantes documentadas del Sportage en guía §5/§13; años -03 = 1a gen,2.2(3),06-(6) -03(5) 16-(1),KIA SPORTG -03 MZ 2.2 BT50 F2,,
KIA,Kia,SPECT,modelo,12,,Kia Spectra,alta,ejemplo `KIA SPECT 1.6 -04`; nombre completo/abreviado; 1.6 años 00-04,1.6(2),00-(2) -04(1),KIA SPECT 1.6 -04,,
HY,Hyundai,ACCENT,modelo,15,,Hyundai Accent,alta,ejemplo `HY ACCENT 16- KIA CERAT FORTE CONO`; variante de escritura de ACC (guía §5),1.6(1),16-(3) 12-(3) 06-(1) 14-(1) 17-(1) 21-(1),HY ACCENT 16- KIA CERAT FORTE CONO,,
HY,Hyundai,VENUE,modelo,16,,Hyundai Venue,alta,ejemplo `HY VENUE 20- LH`; nombre completo; años 19-,1.6(1),19-(9) 20-(6),HY VENUE 20- LH,,
CH,Chevrolet,VAN,modelo,11,,Chevrolet N200 / N300 (van),media,"ejemplo `CH VAN N200/300 X8 SPARK GT BEAT 1.2  23.5*100*5`; ejemplo ""VAN N200/300""; confirmar",1.2(4) 2.2(2),,CH VAN N200/300 X8 SPARK GT BEAT 1.2  23.5*100*5,,
KIA,Kia,K2700,modelo,11,,Kia K2700,alta,ejemplo `KIA K2700`; nombre completo (camión),2.7(1),04-(5) 06-(1),KIA K2700,,
MT,Mitsubishi,L200,modelo,109,,Mitsubishi L200,alta,ejemplo `MT L200 92-`; nombre completo,,92-(4) 80-95(1) 80-98(1) -96(1) 07-(1),MT L200 92-,,
HY,Hyundai,MATRX,modelo,11,,Hyundai Matrix,alta,ejemplo `HY MATRX 1.8 AVANT`; nombre completo/abreviado de Matrix 1.6/1.8 (años 01-05),1.8(9) 1.6(2) 2.2(1),00-(3) 04-(2),HY MATRX 1.8 AVANT,,
HY,Hyundai,TODOS,ALCANCE,11,,Hyundai (alcance: todos),alta,ejemplo `HY TODOS`; guía §10.bis: modificador de alcance,0.9(2) 2.9(2) 2.3(1),,HY TODOS,,
REN,Renault,LOG,modelo,10,,Renault Logan,alta,ejemplo `REN LOG 05- SANDERO LH`; LOG = Logan; ejemplo lista Sandero (misma plataforma),,05-(6) 08-(4),REN LOG 05- SANDERO LH,,
CH,Chevrolet,ROD,modelo,14,,Chevrolet Rodeo,alta,ejemplo `CH ROD 2.6 4ZE1`; ROD 2.6 4ZE1 y RODEO 2.6 AMERICANO; Rodeo con motor 4ZE1,2.6(4) 3.2(3),,CH ROD 2.6 4ZE1,,
TY,Toyota,RAV,modelo,25,,Toyota RAV4,alta,"ejemplo `TY RAV 4 2AZ 06- DEL LH`; ejemplo ""RAV 4 2AZ"" / ""RAV4 02-""",2.0(3) 2.4(2) 2.5(1) 4.0(1),06-(2) 20-(2) 09-(1) 13-(1) 16-(1) 06-13(1),TY RAV 4 2AZ 06- DEL LH,,
SZ,Suzuki,FORSA,modelo,55,,Chevrolet Forsa,media,ejemplo `SZ FORSA`; FORZA es probable typo de FORSA; confirmar,,89-(1),SZ FORSA,,
CH,Chevrolet,TRO,modelo,36,Trooper,Trooper,alta,ya escrito por el dueño,3.2(4) 2.3(2),92-(1) 94-(1),CH TRO 2.3,Confirmado por el dueno,
HY,Hyundai,KONA,modelo,14,,Hyundai Kona,alta,ejemplo `HY KONA 1.6 GDI 18- A/T DOBLE EMBRAGUE`; nombre completo; 1.6 GDI,1.6(3),22-(3) 19-(2) 21-(2) 18-(1),HY KONA 1.6 GDI 18- A/T DOBLE EMBRAGUE,,
HY,Hyundai,HD65,modelo,8,,Hyundai HD65,alta,"ejemplo `HY HD65 13-`; camión Hyundai HD65, años 13-",,13-(6) 15-(2),HY HD65 13-,,
KIA,Kia,K3000,modelo,8,,Kia K3000,alta,ejemplo `KIA K3000 05- DELT`; nombre completo (camión),,06-(3) 12-(2) 05-(1),KIA K3000 05- DELT,,
HY,Hyundai,CRET,modelo,7,,Hyundai Creta,alta,ejemplo `HY CRET 1.6 4*2 17- D/M`; variante de CRETA (ya escrito por el dueño),1.6(5),15-(4) 21-(2) 19-(2) 12-(2) 17-(1),HY CRET 1.6 4*2 17- D/M,,
DW,Daewoo,RACER,modelo,15,,Daewoo Racer / Cielo,alta,"ejemplo `DW RACER`; dueño ya escribió ""Daewoo Racer / Cielo""; mismo auto",1.6(1),94-98(1),DW RACER,,
DW,Daewoo,CIELO,modelo,17,,Daewoo Cielo,alta,ejemplo `DW CIELO RACER 95- RADIAD`; dueño ya escribió Racer/Cielo; CIEL es truncado,,95-(1),DW CIELO RACER 95- RADIAD,,
DW,Daewoo,TACUMA,modelo,6,,Daewoo Tacuma,alta,ejemplo `DW TACUMA`; variantes de Tacuma (ejemplos listan Vivant),1.8(1),,DW TACUMA,,
NS,Nissan,KICKS,modelo,8,,Nissan Kicks,alta,ejemplo `NS KICKS 1.6  20-`; nombre completo; años 16-20,1.6(3),20-(2) 17-(2) 16-19(1) 19-(1) 13-(1) 18-(1),NS KICKS 1.6  20-,,
CH,Chevrolet,SAFIRA,modelo,6,,Chevrolet Zafira,media,"ejemplo `CH SAFIRA 2.0 8V`; typo probable de ZAFIRA (""SAFIRA 2.0 8V 98-""); confirmar",2.0(1),01-(1) 98-(1),CH SAFIRA 2.0 8V,,
REN,Renault,SAND,modelo,6,,Renault Sandero,alta,ejemplo `REN SAND STEPWAY 07- LOGAN 2 13- RH`; nombre completo/truncado,1.6(4),15-(2) 20-(2) 15-22(2) 07-(1) 13-(1) -13(1),REN SAND STEPWAY 07- LOGAN 2 13- RH,,
TY,Toyota,PRIUS,modelo,6,,Toyota Prius,alta,ejemplo `TY PRIUS 06-`; nombre completo,1.8(3) 1.5(1),13-(3) 06-(1) 22-(1),TY PRIUS 06-,,
REN,Renault,SANDERO,modelo,6,,Renault Sandero,alta,ejemplo `REN SANDERO 12- LOGAN`; nombre completo/truncado,1.6(2),08-(2) 12-(1) -15(1),REN SANDERO 12- LOGAN,,
KIA,Kia,GRAND,modelo,6,,Kia Grand Carnival,alta,"ejemplo `KIA GRAND CARNIVAL 16-  LH`; ejemplo dice ""GRAND CARNIVAL 16-""",3.3(2),16-(6),KIA GRAND CARNIVAL 16-  LH,,
REN,Renault,CLIO,modelo,5,,Renault Clio,alta,ejemplo `REN CLIO -04`; nombre completo,,-04(1),REN CLIO -04,,
MT,Mitsubishi,LANC,modelo,29,,Mitsubishi Lancer,alta,"ejemplo `MT LANC 12V 1.5 4G15`; ejemplo ""LANC 12V 1.5 4G15""",1.5(3) 1.6(1),98-(1) 94-(1),MT LANC 12V 1.5 4G15,,
TY,Toyota,4Y,modelo,53,,"MOTOR Toyota 4Y 2.2, NO es un modelo",alta,"ejemplo `TY 4Y 2.2`; motor 2.2 (cilindrada de la fila), no un modelo",2.2(1),89-(1),TY 4Y 2.2,,
SZ,Suzuki,GRAN,modelo,5,,Chevrolet Grand Vitara,alta,"ejemplo `SZ GRAN VITARA SZ  IN`; ejemplo ""GRAN VITARA"" completo; Grand Vitara bajo Chevrolet según nota del dueño",,,SZ GRAN VITARA SZ  IN,,
CH,Chevrolet,GRAND,modelo,5,,Chevrolet Grand Vitara,alta,ejemplo `CH GRAND VIT SZ 2.4 11-`; variante truncada/typo de GRAN VIT (ya escrito por el dueño; guía §5),2.4(1) 1.6(1),11-(1) 08-(1),CH GRAND VIT SZ 2.4 11-,,
MZ,Mazda,ALEGR,modelo,5,,Mazda Allegro,alta,ejemplo `MZ ALEGR 1.6 02-`; variantes documentadas de Allegro (guía §5),1.6(3),02-(1) 00-(1) 99-06(1),MZ ALEGR 1.6 02-,,
HY,Hyundai,SANTA,modelo,5,,Hyundai Santa Fe,alta,"ejemplo `HY SANTA FE 2.4 10- SORENTO 2.4 10- POLEA ALTER`; ejemplo dice ""SANTA FE"" completo",2.4(3) 2.7(1),10-(2) 19-(2) 10-12(1),HY SANTA FE 2.4 10- SORENTO 2.4 10- POLEA ALTER,,
KIA,Kia,PICAN,modelo,5,,Kia Picanto,alta,ejemplo `KIA PICAN 1.2 18- KIA RIO 18- 1.4 7PZ`; variantes documentadas del Picanto en guía §5,1.2(1) 1.4(1),06-(4) 18-(2),KIA PICAN 1.2 18- KIA RIO 18- 1.4 7PZ,,
TY,Toyota,TERCEL,modelo,75,,Toyota Tercel,alta,ejemplo `TY TERCEL 94-99 COMPLETA`; nombre completo; años 91-99,1.6(1) 2.2(1),94-99(1) 91-(1),TY TERCEL 94-99 COMPLETA,,
KIA,Kia,CAREN,modelo,5,,Kia Carens,alta,ejemplo `KIA CAREN 2.0 POST 16-`; variante truncada de CARENS,2.0(1),-03(2) -04(2) 16-(1),KIA CAREN 2.0 POST 16-,,
DW,Daewoo,TACUM,modelo,5,,Daewoo Tacuma,alta,ejemplo `DW TACUM VIVAN LH`; variantes de Tacuma (ejemplos listan Vivant),,04-(2),DW TACUM VIVAN LH,,
KIA,Kia,PICANT/0,modelo,4,,Kia Picanto,alta,ejemplo `KIA PICANT/0 HY I10 1.1 11- PRIME 67mm 1.2*1.2*2`; sobremedida /N pegada al modelo (guía §13); raíz PICANT = Picanto,1.1(4),11-(4),KIA PICANT/0 HY I10 1.1 11- PRIME 67mm 1.2*1.2*2,,
TY,Toyota,RUN,modelo,5,,Toyota 4Runner,media,"ejemplo `TY RUN 2.4 22R 8V`; ejemplo ""RUN 2.4 22R"" / ""RUNNER 22R""; confirmar 4Runner / Hilux Surf",2.4(2),,TY RUN 2.4 22R 8V,,
MT,Mitsubishi,L200-300,modelo,7,,Mitsubishi L200 + L300,media,"ejemplo `MT L200-300 92- 4G63`; agrupa dos modelos (4G63, años 92-); confirmar",1.8(1) 2.0(1),92-(3),MT L200-300 92- 4G63,,
KIA,Kia,SPORT,modelo,4,,Kia Sportage,alta,ejemplo `KIA SPORT GT2.4 18-19`; variantes documentadas del Sportage en guía §5/§13; años -03 = 1a gen,,18-19(1) 08-(1) 12-(1) 11-(1),KIA SPORT GT2.4 18-19,,
NS,Nissan,QASQHAI,modelo,4,,Nissan Qashqai,alta,ejemplo `NS QASQHAI DEL LH 08-14`; variante documentada de Qashqai (guía §5),,08-14(2) 14-(2),NS QASQHAI DEL LH 08-14,,
SZ,Suzuki,VITARA,modelo,11,,Chevrolet Vitara,alta,ejemplo `SZ VITARA`; variante documentada de Vitara (guía §5),,,SZ VITARA,,
MZ,Mazda,CX-3,modelo,4,,Mazda CX-3,alta,ejemplo `MZ CX-3 2.0 17-23 MZ 3 14-`; nombre completo,2.0(2),17-23(1) 14-(1) 20-23(1) 19-(1) 18-(1) 15-(1),MZ CX-3 2.0 17-23 MZ 3 14-,,
MZ,Mazda,CX-5,modelo,4,,Mazda CX-5,alta,ejemplo `MZ CX-5 2.0 17-22 297*28*5H`; nombre completo,2.0(1),17-22(1) 17-(1),MZ CX-5 2.0 17-22 297*28*5H,,
CH,Chevrolet,NPR,modelo,6,,Chevrolet NPR,alta,ejemplo `CH NPR /CL CENTRAL`; camión NPR; nombre completo,,,CH NPR /CL CENTRAL,,
MZ,Mazda,TODAS,ALCANCE,9,,Mazda (alcance: todas),alta,"ejemplo `MZ TODAS`; guía §10.bis: modificador de alcance ""TODAS""",,,MZ TODAS,,
CH,Chevrolet,ZAFIRA,modelo,5,,Chevrolet Zafira,alta,ejemplo `CH ZAFIRA`; nombre completo; 2.0 años 02-,2.0(2),02-(1) 04-(1),CH ZAFIRA,,
MT,Mitsubishi,CANTER,modelo,51,,Mitsubishi Canter,alta,ejemplo `MT CANTER`; camión; nombre completo,,,MT CANTER,,
CH,Chevrolet,SWIFT,modelo,9,,Chevrolet Swift,media,"ejemplo `CH SWIFT 23-`; SWIFT queda bajo Chevrolet según nota del dueño; pero ejemplo ""SWIFT 23-"" es muy reciente; confirmar",,23-(3),CH SWIFT 23-,,
HY,Hyundai,ACCEN,modelo,4,,Hyundai Accent,alta,ejemplo `HY ACCEN 1.4 KAPPA 15-`; variante de escritura de ACC (guía §5),1.4(2) 1.6(2),15-(1) 06-(1) 12-18(1) -05(1),HY ACCEN 1.4 KAPPA 15-,,
KIA,Kia,CARN,modelo,3,,Kia Carnival,alta,ejemplo `KIA CARN 2.9 TERRAC 2.9 /0`; variante de CARNIVAL,2.9(5) 2.2(1),,KIA CARN 2.9 TERRAC 2.9 /0,,
TY,Toyota,TODAS,ALCANCE,17,,Toyota (alcance: todas),alta,"ejemplo `TY TODAS`; guía §10.bis: modificador de alcance ""TODAS""",,,TY TODAS,,
CH,Chevrolet,ALTO,modelo,7,,Chevrolet Alto,media,"ejemplo `CH ALTO`; sin más datos que ""CH ALTO"" 03-; no sé si EC lo vendió como Chevrolet; confirmar",,03-(1),CH ALTO,,
DW,Daewoo,CIEL,modelo,3,,Daewoo Cielo,alta,ejemplo `DW CIEL COR H/C`; dueño ya escribió Racer/Cielo; CIEL es truncado,,,DW CIEL COR H/C,,
TY,Toyota,PRADO,modelo,6,,Toyota Land Cruiser Prado,alta,"ejemplo `TY PRADO 98- LAND CRUISER`; ejemplo ""PRADO 98- LAND CRUISER""",,98-(1) -98(1),TY PRADO 98- LAND CRUISER,,
DW,Daewoo,ESPERO,modelo,12,,Daewoo Espero,alta,ejemplo `DW ESPERO`; nombre completo,2.0(1),,DW ESPERO,,
CH,Chevrolet,GROVE,modelo,3,,Chevrolet Groove,alta,ejemplo `CH GROVE 1.5 21-`; nombre completo/typo; 1.5 años 21-23,1.5(3),21-(3),CH GROVE 1.5 21-,,
NS,Nissan,X-TRAIL,modelo,6,,Nissan X-Trail,alta,ejemplo `NS X-TRAIL T30 06-10 (TAPA 2 SALIDAS)`; variante documentada de X-Trail (guía §5),,06-10(1) 01-13(1),NS X-TRAIL T30 06-10 (TAPA 2 SALIDAS),,
DW,Daewoo,NUBIRA,modelo,4,,Daewoo Nubira,alta,ejemplo `DW NUBIRA 1.6 2.0 ESPERO`; variantes de Nubira,1.6(1) 1.8(1),01-(1),DW NUBIRA 1.6 2.0 ESPERO,,
DW,Daewoo,TAC,modelo,3,,Daewoo Tacuma,alta,ejemplo `DW TAC DELT`; variantes de Tacuma (ejemplos listan Vivant),,01-(2),DW TAC DELT,,
KIA,Kia,K2.7,modelo,3,,Kia K2700 + Kia K3000,media,"ejemplo `KIA K2.7 K3.0 INF GRD`; ejemplo ""K2.7 K3.0"": K2.7=K2700 y K3.0=K3000 probablemente; confirmar",,04-(2),KIA K2.7 K3.0 INF GRD,,
REN,Renault,MEGANE,modelo,3,,Renault Megane,alta,ejemplo `REN MEGANE INT`; nombre completo,,,REN MEGANE INT,,
NS,Nissan,PATHFA,modelo,3,,Nissan Pathfinder,alta,"ejemplo `NS PATHFA 4*2 PICK EXT MACHO`; ejemplos ""PATHFA 4*2"", ""PATH FINDER 01-09""",,,NS PATHFA 4*2 PICK EXT MACHO,,
REN,Renault,DUSTER,modelo,3,,Renault Duster,alta,ejemplo `REN DUSTER 11- LH`; nombre completo; años 11-,2.0(1),11-(2) 15-(1),REN DUSTER 11- LH,,
CH,Chevrolet,VIT,modelo,3,,Chevrolet Vitara,alta,ejemplo `CH VIT SZ GRAND VIT -05 LH`; VIT = Vitara (guía §5); ejemplo lista Grand Vitara como compatible,2.4(1),-05(2),CH VIT SZ GRAND VIT -05 LH,,
CH,Chevrolet,EQUINOX,modelo,3,,Chevrolet Equinox,alta,ejemplo `CH EQUINOX 1.5 19- DELT`; nombre completo; años 18-19,1.5(2) 1.4(1),19-(1) 18-(1),CH EQUINOX 1.5 19- DELT,,
MZ,Mazda,CX-30,modelo,3,,Mazda CX-30,alta,ejemplo `MZ CX-30 19-24 DELT`; nombre completo,2.5(1),19-24(2) 20-(1),MZ CX-30 19-24 DELT,,
NS,Nissan,MARCH,modelo,3,,Nissan March,alta,ejemplo `NS MARCH VERSA 12- TY YARIS 24-`; nombre completo; años 12-,,12-(2) 24-(2) 06-18(1),NS MARCH VERSA 12- TY YARIS 24-,,
TY,Toyota,RAIZE,modelo,3,,Toyota Raize,alta,ejemplo `TY RAIZE 1.2 21- DELT`; nombre completo; 1.2 años 21-,1.2(3),22-(2) 21-(1),TY RAIZE 1.2 21- DELT,,
NS,Nissan,PATHFINDER,modelo,8,,Nissan Pathfinder,alta,"ejemplo `NS PATHFINDER 3.3 VG33 95-`; ejemplos ""PATHFA 4*2"", ""PATH FINDER 01-09""",3.3(1) 3.5(1),95-(1) 12-17(1),NS PATHFINDER 3.3 VG33 95-,,
HY,Hyundai,VELOSTER,modelo,3,,Hyundai Veloster,alta,ejemplo `HY VELOSTER 12- CRETA 1.6 1.5 17- 4TA OUTPUT`; nombre completo; 1.6,1.6(2),12-(1) 17-(1) 08-(1) 13-15(1),HY VELOSTER 12- CRETA 1.6 1.5 17- 4TA OUTPUT,,
HY,Hyundai,TERRC,modelo,3,,Hyundai Terracan,alta,ejemplo `HY TERRC LH DISCO`; variante de escritura de TERRAC (guía §5),,,HY TERRC LH DISCO,,
KIA,Kia,FORTE,modelo,3,,Kia Cerato Forte,media,ejemplo `KIA FORTE 1.6`; Forte es el nombre del Cerato 2a gen; confirmar si lo unifican con Cerato Forte,1.6(3),08-(1),KIA FORTE 1.6,,
KIA,Kia,CER,modelo,3,,Kia Cerato,alta,ejemplo `KIA CER FORTE 08- COMPLT`; variantes documentadas del Cerato en guía §5,,08-(2) 16-(1) 17-(1),KIA CER FORTE 08- COMPLT,,
CH,Chevrolet,ISU,modelo,10,,Isuzu (referencia a motores 4JA1/4JB1),baja,"ejemplo `CH ISU /STD 4JA1 4JB1 CAMISAS`; no es un vehículo: ""ISU /STD 4JA1 4JB1 CAMISAS""; ¿marca Isuzu o motor?",,,CH ISU /STD 4JA1 4JB1 CAMISAS,,
HY,Hyundai,STA,modelo,2,,Hyundai Santa Fe,alta,ejemplo `HY STA 2.4 -06`; STA = Santa Fe truncado (STA FE ya escrito por el dueño); ejemplo 2.4 -06,2.4(2),-06(2),HY STA 2.4 -06,,
KIA,Kia,PICANT/2,modelo,2,,Kia Picanto,alta,ejemplo `KIA PICANT/2 HY I10 1.1 11- ATOS PRIME`; sobremedida /N pegada al modelo (guía §13); raíz PICANT = Picanto,1.1(2),11-(2),KIA PICANT/2 HY I10 1.1 11- ATOS PRIME,,
KIA,Kia,PICANT/3,modelo,2,,Kia Picanto,alta,ejemplo `KIA PICANT/3 HY I10 1.1 11- ATOS PRIME`; sobremedida /N pegada al modelo (guía §13); raíz PICANT = Picanto,1.1(2),11-(2),KIA PICANT/3 HY I10 1.1 11- ATOS PRIME,,
KIA,Kia,PICANT/4,modelo,2,,Kia Picanto,alta,ejemplo `KIA PICANT/4 HY I10 1.1 11- ATOS PRIME`; sobremedida /N pegada al modelo (guía §13); raíz PICANT = Picanto,1.1(2),11-(2),KIA PICANT/4 HY I10 1.1 11- ATOS PRIME,,
SZ,Suzuki,CARRY/2,modelo,2,,Suzuki Carry,media,ejemplo `SZ CARRY/2 CHANGAN`; sobremedida pegada al modelo (guía §13); ver fila CARRY,,,SZ CARRY/2 CHANGAN,,
DW,Daewoo,RAC,modelo,11,Daewoo Racer,Daewoo Racer,alta,ya escrito por el dueño,,,DW RAC CIE ESP,"MISMO AUTO QUE CIELO (base Opel Kadett E). Racer = 1a gen 1986-1998, Cielo = 2a gen 1998-2002. 1.5L (1498cc) 88CV",
KIA,Kia,RONDO,modelo,2,,Kia Carens Rondo,media,ejemplo `KIA RONDO 2.0 GAS`; mismo auto que CARENS RONDO; confirmar si lo unifican,2.0(2),,KIA RONDO 2.0 GAS,,
TY,Toyota,COROLA,modelo,5,,Toyota Corolla,alta,"ejemplo `TY COROLA 4AFE`; nombre completo/typo; COROLLA2E,3E trae motor 2E/3E pegado (guía §13)",,,TY COROLA 4AFE,,
TY,Toyota,1RZ,modelo,6,,"MOTOR Toyota 1RZ 2.0, NO es un modelo",alta,"ejemplo `TY 1RZ`; motor 2.0 (cilindrada de la fila), no un modelo",2.0(1),-95(1),TY 1RZ,,
KIA,Kia,SORENT0,modelo,2,,Kia Sorento,alta,ejemplo `KIA SORENT0 2.5 04-`; variantes documentadas del Sorento en guía §5/§13,2.5(2),04-(1),KIA SORENT0 2.5 04-,,
CH,Chevrolet,RODEO,modelo,12,,Chevrolet Rodeo,alta,ejemplo `CH RODEO 2.6 AMERICANO`; ROD 2.6 4ZE1 y RODEO 2.6 AMERICANO; Rodeo con motor 4ZE1,2.6(1),,CH RODEO 2.6 AMERICANO,,
TY,Toyota,NEW,modelo,2,,Toyota Hilux,alta,"ejemplo `TY NEW HILUX 2TRFE`; ejemplo ""HI LUX 2.7 4*4"" / ""HLUX 4*4"" / ""NEW HILUX 2TRFE""; HI/HLUX = Hilux partido o typo",2.7(1),17-21(1),TY NEW HILUX 2TRFE,,
NS,Nissan,NA20,modelo,10,,"MOTOR Nissan NA20, NO es un modelo",baja,"ejemplo `NS NA20 1.5 1.6 1.8 JR 78- LOW LH`; ejemplo ""NA20 1.5 1.6 1.8 JR 78-"": ¿es código de motor? No coincide con cilindradas",1.5(2) 1.8(2),78-(2),NS NA20 1.5 1.6 1.8 JR 78- LOW LH,,
NS,Nissan,SENT,modelo,4,,Nissan Sentra,alta,ejemplo `NS SENT 03- 23D SOLO TRICETA`; SEN en Descripcion = Sentra (guía §11),,03-(1) 02-(1),NS SENT 03- 23D SOLO TRICETA,,
HY,Hyundai,TERRA,modelo,2,,Hyundai Terracan,alta,ejemplo `HY TERRA DEL INF LH`; variante de escritura de TERRAC (guía §5),,,HY TERRA DEL INF LH,,
HY,Hyundai,SONTA,modelo,2,,Hyundai Sonata,alta,ejemplo `HY SONTA 2.0 HYBRID 21-`; nombre completo/abreviado; 2.0/2.4,2.0(1),21-(1) 15-(1),HY SONTA 2.0 HYBRID 21-,,
KIA,Kia,CERES,modelo,5,,Kia Ceres,baja,"ejemplo `KIA CERES K2.4 LH`; ¿es un modelo Ceres o typo de Cerato? ""K2.4"" sugiere camioneta K2400",,,KIA CERES K2.4 LH,,
NS,Nissan,MURANO,modelo,3,,Nissan Murano,alta,ejemplo `NS MURANO 3.5 04- RH`; nombre completo; 3.5,3.5(1),04-(1) -07(1),NS MURANO 3.5 04- RH,,
DW,Daewoo,TODOS,ALCANCE,5,,Daewoo (alcance: todos),alta,"ejemplo `DW TODOS`; guía §10.bis: ""DW TODOS = todos los Daewoo""",,,DW TODOS,,
TY,Toyota,HI,modelo,64,,Toyota Hilux,alta,"ejemplo `TY HI LUX 2.7 4*4  LH`; ejemplo ""HI LUX 2.7 4*4"" / ""HLUX 4*4"" / ""NEW HILUX 2TRFE""; HI/HLUX = Hilux partido o typo",2.7(2),,TY HI LUX 2.7 4*4  LH,,
HY,Hyundai,I20,modelo,2,,Hyundai i20,alta,ejemplo `HY I20 13-`; nombre completo; años 11-13,,13-(1) 11-(1),HY I20 13-,,
MZ,Mazda,6,modelo,4,,Mazda 6,alta,ejemplo `MZ  6  05-  DELT`; nombre completo; años 05-,,05-(2),MZ  6  05-  DELT,,
NS,Nissan,URBAN,modelo,3,,Nissan Frontier Urban,media,"ejemplo `NS URBAN 02-08`; ejemplo ""URBAN 02-08"" y otra fila ""FRONTIER 3.0 URBAN""; confirmar",3.0(1),02-08(1),NS URBAN 02-08,,
REN,Renault,TWINGO,modelo,2,,Renault Twingo,alta,"ejemplo `REN TWINGO MEGAN 1.4`; ejemplo ""TWINGO MEGAN 1.4""",1.4(1),,REN TWINGO MEGAN 1.4,,
TY,Toyota,RUSH,modelo,2,,Toyota Rush,alta,ejemplo `TY RUSH 1.5 20- DELT`; nombre completo; 1.5 años 20-,1.5(2),20-(2),TY RUSH 1.5 20- DELT,,
HY,Hyundai,VER-,modelo,2,,Hyundai Accent Verna,alta,ejemplo `HY VER- PIÑON 5TA 580379 28*68*20*14`; VER ya escrito por el dueño; el guion es basura de tipeo (ejemplo con PIÑON roto),,,HY VER- PIÑON 5TA 580379 28*68*20*14,,
CH,Chevrolet,N300,modelo,4,,Chevrolet N300,alta,ejemplo `CH N300`; N300 es van Chevrolet; nombre de la fila,,,CH N300,,
DW,Daewoo,TICO,modelo,10,,Daewoo Tico,alta,"ejemplo `DW TICO`; ejemplo ""TICO"" solo; nombre completo",,,DW TICO,,
CH,Chevrolet,AVE,modelo,2,,Chevrolet Aveo,alta,ejemplo `CH AVE 1.6 TAX DISTRIBUIDOR DE AGUA`; AVE = Aveo truncado (ejemplo 1.6 TAX),1.6(2),,CH AVE 1.6 TAX DISTRIBUIDOR DE AGUA,,
TY,Toyota,MZ,modelo,5,,Toyota ??? (no es un modelo claro),baja,"ejemplo `TY MZ CH ISU 75-LARGA`; ejemplo ""MZ CH ISU 75-LARGA"": lista de marcas; ¿qué vehículo?",,75-(1),TY MZ CH ISU 75-LARGA,,
SZ,Suzuki,XL7,modelo,3,,Suzuki XL7,alta,ejemplo `SZ XL7 1.5 22-`; nombre completo; 1.5 años 22-,1.5(2),22-(2),SZ XL7 1.5 22-,,
HY,Hyundai,H1-06,modelo,2,,Hyundai H-1 (hasta 2006),media,"ejemplo `HY H1-06 H100 PREG SOLO FILT LUV DSL 02-`; H1-06 parece ""H1 hasta 06""; ejemplo lo lista junto a H100, Pregio y LUV DSL; confirmar",,02-(2),HY H1-06 H100 PREG SOLO FILT LUV DSL 02-,,
CH,Chevrolet,VIVAN,modelo,2,,Chevrolet Vivant,alta,ejemplo `CH VIVAN DW TACUMA LH 98-02`; ejemplos listan Daewoo Tacuma compatible; Vivant = Tacuma,,98-02(2),CH VIVAN DW TACUMA LH 98-02,,
KIA,Kia,SPEC,modelo,2,,Kia Spectra,alta,ejemplo `KIA SPEC 02- LH`; nombre completo/abreviado; 1.6 años 00-04,,02-(2),KIA SPEC 02- LH,,
MZ,Mazda,BT-50,modelo,2,,Mazda BT-50,alta,ejemplo `MZ BT-50 2.5 4*4`; nombre completo,2.5(2),,MZ BT-50 2.5 4*4,,
MT,Mitsubishi,6G72,modelo,1,,"MOTOR Mitsubishi 6G72 V6, NO es un modelo",alta,"ejemplo `MT 6G72 MONT`; ejemplo ""6G72 MONT""; motor del Montero",,,MT 6G72 MONT,,
CH,Chevrolet,6VE1,modelo,1,,"MOTOR Isuzu 6VE1 3.5 V6, NO es un modelo",media,"ejemplo `CH 6VE1 DMAX/1 3.5 GAS`; 6VE1 aparece con DMAX 3.5 GAS; motor, no modelo (por analogía con 6VD1 del dueño)",3.5(1),,CH 6VE1 DMAX/1 3.5 GAS,,
CH,Chevrolet,ORLANDO,modelo,1,,Chevrolet Orlando,alta,ejemplo `CH ORLANDO 2.4 CAPTIVA SPORT2.4 10-/0`; nombre completo; 2.4,2.4(1),,CH ORLANDO 2.4 CAPTIVA SPORT2.4 10-/0,,
KIA,Kia,PICANT/1,modelo,1,,Kia Picanto,alta,ejemplo `KIA PICANT/1 HY I10 1.1 11- ATOS PRIME`; sobremedida /N pegada al modelo (guía §13); raíz PICANT = Picanto,1.1(1),11-(1),KIA PICANT/1 HY I10 1.1 11- ATOS PRIME,,
SZ,Suzuki,CARRY/0,modelo,1,,Suzuki Carry,media,ejemplo `SZ CARRY/0 CHANGAN`; sobremedida pegada al modelo (guía §13); ver fila CARRY,,,SZ CARRY/0 CHANGAN,,
SZ,Suzuki,CARRY/1,modelo,1,,Suzuki Carry,media,ejemplo `SZ CARRY/1 CHANGAN`; sobremedida pegada al modelo (guía §13); ver fila CARRY,,,SZ CARRY/1 CHANGAN,,
SZ,Suzuki,CARRY/3,modelo,1,,Suzuki Carry,media,ejemplo `SZ CARRY/3 CHANGAN`; sobremedida pegada al modelo (guía §13); ver fila CARRY,,,SZ CARRY/3 CHANGAN,,
SZ,Suzuki,CARRY/4,modelo,1,,Suzuki Carry,media,ejemplo `SZ CARRY/4 CHANGAN`; sobremedida pegada al modelo (guía §13); ver fila CARRY,,,SZ CARRY/4 CHANGAN,,
TY,Toyota,STOUT,modelo,14,,Toyota Hilux (Stout),media,"ejemplo `TY STOUT 2RZFE`; ya escrito por el dueño: STOUT II = Hilux 6a gen; esta fila no dice ""II""",,,TY STOUT 2RZFE,,
HY,Hyundai,VERACRUZ/SORENT,modelo,1,,Hyundai Veracruz + Kia Sorento,media,ejemplo `HY VERACRUZ/SORENT 3.8 V6`; dos modelos en un token (guía §13); 3.8 V6 coincide con Veracruz; confirmar,3.8(1),,HY VERACRUZ/SORENT 3.8 V6,,
DW,Daewoo,SEGURO,modelo,1,,Daewoo ??? (no es un modelo),baja,"ejemplo `DW SEGURO CHAVET`; ejemplo ""SEGURO CHAVET"": parece una pieza (seguro/chaveta), no un modelo",,,DW SEGURO CHAVET,,
CH,Chevrolet,FORSA,modelo,3,,Chevrolet Forsa,media,"ejemplo `CH FORSA 1.3 GA13 SJ413 JEEP`; ejemplo ""FORSA 1.3 GA13 SJ413 JEEP"" (base Suzuki); confirmar",1.3(1),,CH FORSA 1.3 GA13 SJ413 JEEP,,
SZ,Suzuki,C-CROSS,modelo,1,,Suzuki S-Cross,media,"ejemplo `SZ C-CROSS 1.6 18-`; typo/truncado de S-CROSS (""C-CROSS 1.6 18-"" coincide con S-Cross 1.6)",1.6(1),18-(1),SZ C-CROSS 1.6 18-,,
TY,Toyota,2Y,modelo,4,,"MOTOR Toyota serie Y, NO es un modelo",alta,"ejemplo `TY 2Y 3Y`; códigos de motor (serie Y), no modelos",,,TY 2Y 3Y,,
CH,Chevrolet,NHR,modelo,2,,Chevrolet NHR,alta,ejemplo `CH NHR NKR 2.8 4JB1`; camión NHR (ejemplo NHR NKR 2.8 4JB1),2.8(1),,CH NHR NKR 2.8 4JB1,,
KIA,Kia,SPORTAGE/4,modelo,1,,Kia Sportage,alta,ejemplo `KIA SPORTAGE/4 16V -03`; sobremedida pegada al modelo (guía §13),,-03(1),KIA SPORTAGE/4 16V -03,,
MT,Mitsubishi,4G63/STD,modelo,1,,"MOTOR 2.0L Mitsubishi 4G63, NO es un modelo",alta,"ejemplo `MT 4G63/STD L200-300 92-`; 4G63 ya escrito por el dueño; ""/STD"" es la medida",,92-(1),MT 4G63/STD L200-300 92-,,
TY,Toyota,22R/0,modelo,1,,"MOTOR 2366cc SOHC I4 nafta, NO es un modelo",alta,"ejemplo `TY 22R/0 SIN CEJA`; 22R ya escrito por el dueño; ""/N"" es la sobremedida pegada (guía §13)",,,TY 22R/0 SIN CEJA,,
TY,Toyota,22R/1,modelo,1,,"MOTOR 2366cc SOHC I4 nafta, NO es un modelo",alta,"ejemplo `TY 22R/1 SIN CEJA`; 22R ya escrito por el dueño; ""/N"" es la sobremedida pegada (guía §13)",,,TY 22R/1 SIN CEJA,,
TY,Toyota,22R/2,modelo,1,,"MOTOR 2366cc SOHC I4 nafta, NO es un modelo",alta,"ejemplo `TY 22R/2 SIN CEJA`; 22R ya escrito por el dueño; ""/N"" es la sobremedida pegada (guía §13)",,,TY 22R/2 SIN CEJA,,
TY,Toyota,22R/3,modelo,1,,"MOTOR 2366cc SOHC I4 nafta, NO es un modelo",alta,"ejemplo `TY 22R/3 SIN CEJA`; 22R ya escrito por el dueño; ""/N"" es la sobremedida pegada (guía §13)",,,TY 22R/3 SIN CEJA,,
TY,Toyota,22R/4,modelo,1,,"MOTOR 2366cc SOHC I4 nafta, NO es un modelo",alta,"ejemplo `TY 22R/4 SIN CEJA`; 22R ya escrito por el dueño; ""/N"" es la sobremedida pegada (guía §13)",,,TY 22R/4 SIN CEJA,,
HY,Hyundai,VERACRIZ,modelo,1,,Hyundai Veracruz,alta,"ejemplo `HY VERACRIZ SORENTO 3.8 15- /0`; guía §5: Veracruz es SUV 3.8 V6, distinto de Verna (VERACRIZ es typo, §13)",3.8(1),15-(1),HY VERACRIZ SORENTO 3.8 15- /0,,
KIA,Kia,SPORTAG/0,modelo,1,,Kia Sportage,alta,ejemplo `KIA SPORTAG/0 16V -03`; sobremedida pegada al modelo (guía §13),,-03(1),KIA SPORTAG/0 16V -03,,
KIA,Kia,SPORTAG/1,modelo,1,,Kia Sportage,alta,ejemplo `KIA SPORTAG/1 16V -03`; sobremedida pegada al modelo (guía §13),,-03(1),KIA SPORTAG/1 16V -03,,
NS,Nissan,XTRSIL,modelo,1,,Nissan X-Trail,alta,ejemplo `NS XTRSIL YD25/0`; variante documentada de X-Trail (guía §5),,,NS XTRSIL YD25/0,,
CH,Chevrolet,TRACKER1.8,modelo,1,,Chevrolet Tracker,alta,ejemplo `CH TRACKER1.8 14- CRUZE 1.8 12-`; nombre completo,1.8(1),14-(1) 12-(1),CH TRACKER1.8 14- CRUZE 1.8 12-,,
HY,Hyundai,CARNIV,modelo,1,,Kia Carnival,media,ejemplo `HY CARNIV 3.3 15- SORENT 3.3 14-`; Carnival es Kia aunque la sigla diga HY; ejemplo lista Sorento 3.3; confirmar si es marca mal puesta,3.3(2),15-(1) 14-(1),HY CARNIV 3.3 15- SORENT 3.3 14-,,
TY,Toyota,1Y/2Y/3Y/4Y,modelo,1,,"MOTOR Toyota serie Y, NO es un modelo",alta,"ejemplo `TY 1Y/2Y/3Y/4Y`; códigos de motor (serie Y), no modelos",,,TY 1Y/2Y/3Y/4Y,,
DW,Daewoo,NUBI,modelo,1,,Daewoo Nubira,alta,ejemplo `DW NUBI DOHC 1.8 / 2.2 03-`; variantes de Nubira,1.8(1) 2.2(1),03-(1),DW NUBI DOHC 1.8 / 2.2 03-,,
CH,Chevrolet,JIMMY,modelo,1,,Chevrolet Jimmy,baja,"ejemplo `CH JIMMY`; ¿Chevrolet Jimmy o Suzuki Jimny escrito mal? El ejemplo solo dice ""CH JIMMY""",,,CH JIMMY,,
KIA,Kia,SPORTGG,modelo,1,,Kia Sportage,alta,ejemplo `KIA SPORTGG 2.0 -03 16V`; variantes documentadas del Sportage en guía §5/§13; años -03 = 1a gen,2.0(1),-03(1),KIA SPORTGG 2.0 -03 16V,,
KIA,Kia,SEPHIA,modelo,5,,Kia Sephia,alta,ejemplo `KIA SEPHIA FESTIVA`; nombre completo (ejemplo lista Festiva),,,KIA SEPHIA FESTIVA,,
KIA,Kia,CARNVAL,modelo,1,,Kia Carnival,alta,ejemplo `KIA CARNVAL 2.9 HY STA FE 2.2 DSL`; variante de CARNIVAL,2.9(1) 2.2(1),,KIA CARNVAL 2.9 HY STA FE 2.2 DSL,,
MZ,Mazda,ALLEGRO,modelo,5,,Mazda Allegro,alta,ejemplo `MZ ALLEGRO 1.6 01- P/D/R`; variantes documentadas de Allegro (guía §5),1.6(1),01-(1),MZ ALLEGRO 1.6 01- P/D/R,,
HY,Hyundai,KIA,modelo,1,,Kia Picanto + Hyundai Atos (compatibles),baja,"ejemplo `HY KIA PICANTO HY ATOS`; marca ""HY KIA"" sin modelo; ¿grupo Kia/Hyundai o un vehículo concreto?",,,HY KIA PICANTO HY ATOS,,
KIA,Kia,CERA,modelo,1,,Kia Cerato,alta,ejemplo `KIA CERA FORT 12- SOUL 08- I30 09-`; variantes documentadas del Cerato en guía §5,,12-(1) 08-(1) 09-(1),KIA CERA FORT 12- SOUL 08- I30 09-,,
TY,Toyota,L.CRUISER,modelo,1,,Toyota Land Cruiser,alta,"ejemplo `TY L.CRUISER 1FZ`; ejemplo ""L.CRUISER 1FZ""",,,TY L.CRUISER 1FZ,,
CH,Chevrolet,VIVANT,modelo,1,,Chevrolet Vivant,alta,ejemplo `CH VIVANT 00- TACUMA`; ejemplos listan Daewoo Tacuma compatible; Vivant = Tacuma,,00-(1),CH VIVANT 00- TACUMA,,
KIA,Kia,K2700/K300,modelo,1,,Kia K2700 + Kia K3000,media,ejemplo `KIA K2700/K300 INF 04-`; dos modelos en un token (guía §13); K300 podría ser K3000; confirmar,,04-(1),KIA K2700/K300 INF 04-,,
KIA,Kia,CERTATO,modelo,1,,Kia Cerato,alta,ejemplo `KIA CERTATO FORT 10-`; typo de CERATO,,10-(1),KIA CERTATO FORT 10-,,
TY,Toyota,YARI,modelo,1,,Toyota Yaris,alta,ejemplo `TY YARI 1NZ 08-`; nombre completo/typo,,08-(1),TY YARI 1NZ 08-,,
NS,Nissan,K24,modelo,1,,"MOTOR Nissan K24/KA24 2.4, NO es un modelo",media,"ejemplo `NS K24 2.4 4*4`; posible typo de KA24 (ejemplo ""K24 2.4 4*4""); confirmar",2.4(1),,NS K24 2.4 4*4,,
KIA,Kia,STYLUS,modelo,1,,Kia Rio Stylus (1a gen),media,ejemplo `KIA STYLUS RH PLATO DE TAMBOR`; Stylus es el nombre de la 1a gen del Rio (años 03-); confirmar,,,KIA STYLUS RH PLATO DE TAMBOR,,
TY,Toyota,CH,modelo,1,,Toyota ??? (no es un modelo claro),baja,"ejemplo `TY CH  ISUZU MZ`; ejemplo ""TY CH ISUZU MZ"": parece lista de marcas, no un vehículo",,,TY CH  ISUZU MZ,,
TY,Toyota,LAND,modelo,26,,Toyota Land Cruiser Prado,alta,"ejemplo `TY LAND CRUISER PRADO 16- R/L`; ejemplo ""LAND CRUISER PRADO 16-""",,16-(1),TY LAND CRUISER PRADO 16- R/L,,
TY,Toyota,LC,modelo,28,,Toyota Land Cruiser,alta,"ejemplo `TY LC FJ70  4PZ /JP`; ejemplo ""LC FJ70"" = Land Cruiser FJ70",,,TY LC FJ70  4PZ /JP,,
DW,Daewoo,NUBIR,modelo,1,,Daewoo Nubira,alta,ejemplo `DW NUBIR VIVANT`; variantes de Nubira,,,DW NUBIR VIVANT,,
NS,Nissan,ALME,modelo,1,,Nissan Almera,alta,ejemplo `NS ALME 99- HILO FINO`; ALME = Almera truncado (años 99-),,99-(1),NS ALME 99- HILO FINO,,
TY,Toyota,LAN,modelo,1,Daewoo Lanos,Daewoo Lanos,alta,ya escrito por el dueño,,16-(1),TY LAN CRUISE PRADO 16-,Variante de escritura de LANOS,
KIA,Kia,CARNVIAL,modelo,1,,Kia Carnival,alta,ejemplo `KIA CARNVIAL 2.9 06- POST`; variante de CARNIVAL,2.9(1),06-(1),KIA CARNVIAL 2.9 06- POST,,
KIA,Kia,SORENT06-09,modelo,1,,Kia Sorento,alta,ejemplo `KIA SORENT06-09 4*4 POST CORTA SUP`; años 06-09 pegados al nombre (basura de tipeo),,,KIA SORENT06-09 4*4 POST CORTA SUP,,
KIA,Kia,SOLUL,modelo,1,,Kia Soul,alta,ejemplo `KIA SOLUL 1.6 09-`; nombre completo/typo,1.6(1),09-(1),KIA SOLUL 1.6 09-,,
NS,Nissan,SPORT,modelo,1,,Nissan ??? (posible Sentra),baja,"ejemplo `NS SPORT 2.0 SE MR20DE 08-`; ejemplo ""SPORT 2.0 SE MR20DE 08-"": MR20DE es motor 2.0; ¿qué vehículo es?",2.0(1),08-(1),NS SPORT 2.0 SE MR20DE 08-,,
NS,Nissan,FRENTIER,modelo,1,,Nissan Frontier,alta,ejemplo `NS FRENTIER 2.4 KA24DE`; ya escrito por el dueño (mismo vehículo que Navara),2.4(1),,NS FRENTIER 2.4 KA24DE,,
TY,Toyota,RUNNER,modelo,7,,Toyota 4Runner,media,"ejemplo `TY RUNNER 22R`; ejemplo ""RUN 2.4 22R"" / ""RUNNER 22R""; confirmar 4Runner / Hilux Surf",,,TY RUNNER 22R,,
KIA,Kia,"BESTA,",modelo,1,,Kia Besta,media,"ejemplo `KIA BESTA, TOPIC, SPOR`; coma pegada al nombre; ejemplo lista Topic y Sportage; confirmar si agrupa más modelos",,,"KIA BESTA, TOPIC, SPOR",,
NS,Nissan,D21,modelo,2,,Nissan D21 (camioneta),alta,"ejemplo `NS D21 KA24 2.4`; ejemplo ""D21 KA24 2.4""; la nota del dueño sobre KA24 menciona D21/D22",2.4(1),,NS D21 KA24 2.4,,
KIA,Kia,GRAN,modelo,1,,Kia Grand Pregio,media,"ejemplo `KIA GRAN PREG CARNI ROSCA EXT`; ejemplo ""GRAN PREG CARNI""; confirmar que es Grand Pregio",,,KIA GRAN PREG CARNI ROSCA EXT,,
DW,Daewoo,/RH,modelo,1,,Daewoo ??? (lado derecho),baja,"ejemplo `DW /RH`; ""/RH"" = lado derecho (right hand), no un modelo",,,DW /RH,,
HY,Hyundai,TUSC,modelo,1,,Hyundai Tucson,alta,ejemplo `HY TUSC 2.0 TL 16-`; variante de escritura de TUCS (guía §5); sin generación: años 05- a 24-,2.0(1),16-(1),HY TUSC 2.0 TL 16-,,
SZ,Suzuki,SWITF,modelo,1,,Chevrolet Swift,alta,ejemplo `SZ SWITF`; la nota del dueño dice que Swift se cataloga bajo Chevrolet,,,SZ SWITF,,
REN,Renault,STEPWAY,modelo,1,,Renault Sandero Stepway,alta,"ejemplo `REN STEPWAY 16- CARBON`; Stepway es versión del Sandero (ejemplo ""SAND STEPWAY"")",,16-(1),REN STEPWAY 16- CARBON,,
TY,Toyota,HLUX,modelo,1,,Toyota Hilux,alta,"ejemplo `TY HLUX 4*4`; ejemplo ""HI LUX 2.7 4*4"" / ""HLUX 4*4"" / ""NEW HILUX 2TRFE""; HI/HLUX = Hilux partido o typo",,,TY HLUX 4*4,,
TY,Toyota,INNOVA,modelo,1,,Toyota Innova,alta,ejemplo `TY INNOVA`; nombre completo,,,TY INNOVA,,
TY,Toyota,LEXUS,modelo,1,,"Lexus (marca, no modelo Toyota)",baja,"ejemplo `TY LEXUS QQ3`; ejemplo ""LEXUS QQ3"": ¿es la marca Lexus y qué es QQ3?",,,TY LEXUS QQ3,,
MZ,Mazda,G6,modelo,1,,Mazda ??? (posible Mazda 6),baja,"ejemplo `MZ G6 04- RD`; ¿G6 es Mazda 6 (2004)? El ejemplo solo dice ""G6 04- RD""",,04-(1),MZ G6 04- RD,,
TY,Toyota,2200,modelo,7,,MOTOR/cilindrada 2200 (Toyota 2Y/3Y/4Y),baja,"ejemplo `TY 2200 2Y 3Y 4Y`; ejemplo ""2200 2Y 3Y 4Y"": ¿cilindrada y no un modelo? ¿Qué vehículo?",,,TY 2200 2Y 3Y 4Y,,
HY,Hyundai,HY,modelo,1,,Hyundai Tucson ix (2010-),media,"ejemplo `HY HY TUCS 2010- TRANSFREN`; marca repetida; ejemplo ""HY HY TUCS 2010- TRANSFREN"" apunta a Tucson",,,HY HY TUCS 2010- TRANSFREN,,
TY,Toyota,RP,modelo,1,,Toyota ??? (carácter roto),baja,"ejemplo `TY RP`; ejemplo ""TY RP"" con carácter roto; ¿qué es RP?",,,TY RP,,
CH,Chevrolet,TROOPER,modelo,18,,Chevrolet Trooper,alta,ejemplo `CH TROOPER WAGON`; TRO ya escrito por el dueño como Trooper,,,CH TROOPER WAGON,,
MZ,Mazda,3/6,modelo,1,,Mazda 3 + Mazda 6,media,"ejemplo `MZ 3/6 2.0 07-`; ejemplo ""3/6 2.0 07-"": agrupa dos modelos",2.0(1),07-(1),MZ 3/6 2.0 07-,,
TY,Toyota,TODOS,ALCANCE,3,,Toyota (alcance: todos) + Mitsubishi L200 92-95,alta,"ejemplo `TY TODOS MT L200 92-95`; guía §10.bis: ""TY TODOS MT L200 92-95""",,92-95(1),TY TODOS MT L200 92-95,,
DW,Daewoo,TACM,modelo,1,,Daewoo Tacuma,alta,ejemplo `DW TACM NUB`; variantes de Tacuma (ejemplos listan Vivant),,,DW TACM NUB,,
HY,Hyundai,SAT,modelo,1,,Hyundai Santa Fe,media,"ejemplo `HY SAT FE 2.7 07- CABLE BOBINA`; typo probable de STA (""SAT FE 2.7 07-"" coincide con Santa Fe 2.7)",2.7(1),07-(1),HY SAT FE 2.7 07- CABLE BOBINA,,
TY,Toyota,"COROLLA2E,3E",modelo,1,,Toyota Corolla,alta,"ejemplo `TY COROLLA2E,3E 91- CON VINCHA`; nombre completo/typo; COROLLA2E,3E trae motor 2E/3E pegado (guía §13)",,91-(1),"TY COROLLA2E,3E 91- CON VINCHA",,
KIA,Kia,SPOTAG,modelo,1,,Kia Sportage,alta,ejemplo `KIA SPOTAG R 11-  AIRBAG PILOTO`; variantes documentadas del Sportage en guía §5/§13; años -03 = 1a gen,,11-(1),KIA SPOTAG R 11-  AIRBAG PILOTO,,
SZ,Suzuki,VITAR,modelo,1,,Chevrolet Vitara,alta,ejemplo `SZ VITAR SWITF`; variante documentada de Vitara (guía §5),,,SZ VITAR SWITF,,
CH,Chevrolet,CRAN,modelo,1,,Chevrolet Grand Vitara,alta,ejemplo `CH CRAN VIT 1.6 2.0 2.5`; variante truncada/typo de GRAN VIT (ya escrito por el dueño; guía §5),1.6(1) 2.5(1),,CH CRAN VIT 1.6 2.0 2.5,,
KIA,Kia,OPIRUS,modelo,1,,Kia Opirus,alta,ejemplo `KIA OPIRUS 04- PARQUEO`; nombre completo; años 04-,,04-(1),KIA OPIRUS 04- PARQUEO,,
KIA,Kia,SPORTAGUE,modelo,1,,Kia Sportage,alta,ejemplo `KIA SPORTAGUE R SOLO BOTON L/R`; variantes documentadas del Sportage en guía §5/§13; años -03 = 1a gen,,,KIA SPORTAGUE R SOLO BOTON L/R,,
CH,Chevrolet,GAN,modelo,1,,Chevrolet Grand Vitara,alta,ejemplo `CH GAN VIT 2.0 5P VALV DESF`; variante truncada/typo de GRAN VIT (ya escrito por el dueño; guía §5),2.0(1),,CH GAN VIT 2.0 5P VALV DESF,,
DW,Daewoo,LANO,modelo,1,,Daewoo Lanos,alta,ejemplo `DW LANO MATIZ  SELENOI AIRE`; variante documentada de Lanos (guía §5),,,DW LANO MATIZ  SELENOI AIRE,,
CH,Chevrolet,GAND,modelo,1,,Chevrolet Grand Vitara,alta,ejemplo `CH GAND VITARA 3P 1.6 G16B`; variante truncada/typo de GRAN VIT (ya escrito por el dueño; guía §5),1.6(1),,CH GAND VITARA 3P 1.6 G16B,,
HY,Hyundai,ELANTR,modelo,1,,Hyundai Elantra,alta,ejemplo `HY ELANTR 1.6 12-`; variante de escritura de ELANT (guía §5),1.6(1),12-(1),HY ELANTR 1.6 12-,,
KIA,Kia,PICA,modelo,1,,Kia Picanto,alta,ejemplo `KIA PICA 1.2 18- RIO 18-`; variantes documentadas del Picanto en guía §5,1.2(1),18-(2),KIA PICA 1.2 18- RIO 18-,,
MZ,Mazda,626,modelo,5,,Mazda 626,alta,ejemplo `MZ 626 96- UP`; nombre completo; años 96-,,96-(1),MZ 626 96- UP,,
CH,Chevrolet,SAN,modelo,5,,Chevrolet San Remo,media,"ejemplo `CH SAN REMO`; ejemplo ""CH SAN REMO""; confirmar",,,CH SAN REMO,,
TY,Toyota,CORONA,modelo,45,,Toyota Corona,alta,ejemplo `TY CORONA`; nombre completo,,,TY CORONA,,
CH,Chevrolet,TROOP,modelo,23,,Chevrolet Trooper,alta,ejemplo `CH TROOP 3.2 V6`; TRO ya escrito por el dueño como Trooper,3.2(1),,CH TROOP 3.2 V6,,
CH,Chevrolet,NEW,modelo,1,,"Chevrolet Onix (nuevo, 1.3 Turbo) + Tracker",media,"ejemplo `CH NEW ONIX TRACKER 1.3 TURBO`; ejemplo ""NEW ONIX TRACKER 1.3 TURBO""; confirmar",1.3(1),,CH NEW ONIX TRACKER 1.3 TURBO,,
NS,Nissan,PATH,modelo,2,,Nissan Pathfinder,alta,"ejemplo `NS PATH FINDER 01-09 PICK UP 5.6 05-06`; ejemplos ""PATHFA 4*2"", ""PATH FINDER 01-09""",5.6(1),01-09(1) 05-06(1),NS PATH FINDER 01-09 PICK UP 5.6 05-06,,
NS,Nissan,URVAN,modelo,2,,Nissan Urvan,alta,"ejemplo `NS URVAN TY HIACE JOYKON H3`; ejemplo ""URVAN TY HIACE JOYKON H3"": van",,,NS URVAN TY HIACE JOYKON H3,,
MT,Mitsubishi,L300,modelo,20,,Mitsubishi L300,alta,ejemplo `MT L300 HY H1`; nombre completo,,,MT L300 HY H1,,
MZ,Mazda,CX5,modelo,1,,Mazda CX-5,alta,ejemplo `MZ CX5 MZ 6 2.0 17-`; nombre completo,2.0(1),17-(1),MZ CX5 MZ 6 2.0 17-,,
TY,Toyota,FORTUNER,modelo,1,,Toyota Fortuner,alta,ejemplo `TY FORTUNER YARIS COROLL RAV JAC T6 18-`; nombre completo; años 18-,,18-(1),TY FORTUNER YARIS COROLL RAV JAC T6 18-,,
MZ,Mazda,TY,modelo,2,,Mazda ??? (no es un modelo claro),baja,"ejemplo `MZ TY MT 0.9 GRANDE`; ejemplo ""MZ TY MT 0.9 GRANDE"": ¿TY=Toyota, MT=transmisión manual? ¿Qué vehículo es?",0.9(1),,MZ TY MT 0.9 GRANDE,,
CH,Chevrolet,VECTRA,modelo,1,,Chevrolet Vectra,alta,ejemplo `CH VECTRA 2.2 C/A`; nombre completo; 2.2,2.2(1),,CH VECTRA 2.2 C/A,,
TY,Toyota,3Y,modelo,3,,"MOTOR Toyota serie Y, NO es un modelo",alta,"ejemplo `TY 3Y FURGONETA`; códigos de motor (serie Y), no modelos",,,TY 3Y FURGONETA,,
TY,Toyota,RAV4,modelo,1,,Toyota RAV4,alta,"ejemplo `TY RAV4 02- C/A`; ejemplo ""RAV 4 2AZ"" / ""RAV4 02-""",,02-(1),TY RAV4 02- C/A,,
HY,Hyundai,SRTA,modelo,1,,Hyundai Santa Fe,media,"ejemplo `HY SRTA FE 2.4 12-`; typo probable de STA (""SRTA FE 2.4 12-"" coincide con Santa Fe 2.4)",2.4(1),12-(1),HY SRTA FE 2.4 12-,,
REN,Renault,TODOS,ALCANCE,1,,Renault (alcance: todos),alta,ejemplo `REN TODOS`; guía §10.bis: modificador de alcance,,,REN TODOS,,
HY,Hyundai,IONQ,modelo,1,,Hyundai Ioniq,alta,ejemplo `HY IONQ 1.6 17- KIA NIRO 1.6 G4LE 16-`; typo de IONIQ (ejemplo: IONQ 1.6 17- junto a Niro),1.6(2),17-(1) 16-(1),HY IONQ 1.6 17- KIA NIRO 1.6 G4LE 16-,,
HY,Hyundai,HD,modelo,1,,Hyundai HD65 / HD72,media,"ejemplo `HY HD 65/72   98-04`; ejemplo dice ""65/72"" (HD 65/72 98-04); confirmar si agrupa dos camiones",,98-04(1),HY HD 65/72   98-04,,
KIA,Kia,K3,modelo,1,,Kia K3 (Cerato),media,"ejemplo `KIA K3 24- A/T`; K3 es el Cerato en otros mercados, año 24-; confirmar",,24-(1),KIA K3 24- A/T,,
SZ,Suzuki,CROSS,modelo,2,,Suzuki S-Cross,media,"ejemplo `SZ CROSS T/A`; typo/truncado de S-CROSS (""C-CROSS 1.6 18-"" coincide con S-Cross 1.6)",,,SZ CROSS T/A,,
TY,Toyota,2TR,modelo,2,,"MOTOR Toyota 2TR, NO es un modelo",alta,ejemplo `TY 2TR FRONTIER HILUX 4*2/4*4 T/M`; ejemplo lista Frontier/Hilux 4x2/4x4; motor,,,TY 2TR FRONTIER HILUX 4*2/4*4 T/M,,
TY,Toyota,21R,modelo,13,,"MOTOR Toyota 21R, NO es un modelo",alta,"ejemplo `TY 21R 22R`; ejemplo ""21R 22R""; motor, serie R",,,TY 21R 22R,,
TY,Toyota,L.C,modelo,99,,Toyota Land Cruiser,alta,"ejemplo `TY L.C STOUT 69-73`; L.C = Land Cruiser: ya están LC y L.CRUISER en alta y esta sigla aparece con los motores 3F y 1FZ-FE (`TY 3F L.C /0/TW`, `TY 1FZ-FE 4.5 L.C 4.5`); años 69-80",2.0(6) 1.6(4) 2.2(1),69-80(6) 80-(5) 75-80(3) 76-(3) 69-75(2) 75-78(2),TY L.C STOUT 69-73,"Cinco escrituras del mismo vehículo: L.C, L C, L. C, L .C, L.C. (suman 156 filas). Que 3F y 1FZ-FE sean motores del Land Cruiser es conocimiento general, no está escrito en el catálogo",
TY,Toyota,L C,modelo,39,,Toyota Land Cruiser,alta,ejemplo `TY L C TROO`; variante de escritura de L.C (con espacio),2.0(1) 4.5(1),84-(2) 69-81(2) 60-75(1) 67-73(1) 69-79(1) 61-75(1),TY L C TROO,"Cinco escrituras del mismo vehículo: L.C, L C, L. C, L .C, L.C. (suman 156 filas). Que 3F y 1FZ-FE sean motores del Land Cruiser es conocimiento general, no está escrito en el catálogo",
TY,Toyota,L. C,modelo,8,,Toyota Land Cruiser,alta,ejemplo `TY L. C F -74`; variante de escritura de L.C,2.0(1),78-(2) -74(1) 69-80(1) 76-81(1) 88-(1),TY L. C F -74,"Cinco escrituras del mismo vehículo: L.C, L C, L. C, L .C, L.C. (suman 156 filas). Que 3F y 1FZ-FE sean motores del Land Cruiser es conocimiento general, no está escrito en el catálogo",
TY,Toyota,L .C,modelo,1,,Toyota Land Cruiser,alta,ejemplo `TY L .C 3F/JP`; variante de escritura de L.C,,,TY L .C 3F/JP,"Cinco escrituras del mismo vehículo: L.C, L C, L. C, L .C, L.C. (suman 156 filas). Que 3F y 1FZ-FE sean motores del Land Cruiser es conocimiento general, no está escrito en el catálogo",
TY,Toyota,L.C.,modelo,9,,Toyota Land Cruiser,alta,ejemplo `TY L.C.`; variante de escritura de L.C (con punto final),2.0(4) 1.6(2) 2.2(1),69-74(2) 79-(1),TY L.C.,"Cinco escrituras del mismo vehículo: L.C, L C, L. C, L .C, L.C. (suman 156 filas). Que 3F y 1FZ-FE sean motores del Land Cruiser es conocimiento general, no está escrito en el catálogo",
TY,Toyota,L.C.2000,REVISAR,4,,Toyota Land Cruiser ??? (¿con 2000 pegado?),baja,"ejemplo `TY L.C.2000 LH/CR-79 11/8`; ¿L.C. con el número 2000 pegado (Land Cruiser 2000, o cilindrada)? Pregunta al dueño",,-79(2),TY L.C.2000 LH/CR-79 11/8,,
TY,Toyota,L.C.21R,REVISAR,1,,Toyota Land Cruiser ??? (L.C. con motor 21R pegado),baja,ejemplo `TY L.C.21R 2.0 DT 1.6`; parece L.C. + motor 21R sin espacio; una sola fila,1.6(1) 2.0(1),,TY L.C.21R 2.0 DT 1.6,,
TY,Toyota,CRESSIDA,modelo,32,,Toyota Cressida,alta,ejemplo `TY CRESSIDA 18R`; nombre completo; años 74-84 con motores 18R/21R,2.0(1),80-84(5) 74-81(2) 80-(2) 76-81(1) 77-(1) 77-79(1),TY CRESSIDA 18R,"Modelo antiguo: el stock de estas filas es de repuesto de colección, no de la oferta actual de Toyota",
TY,Toyota,CRES,modelo,17,,Toyota Cressida,alta,"ejemplo `TY CRES 18R`; abreviatura de CRESSIDA: mismo motor 18R en la misma posición (`TY CRESSIDA 18R`, `TY CRES 18R`)",2.0(4),76-80(2) 79-(1) 80-(1) 80-83(1) 80-84(1) 81-82(1),TY CRES 18R,,
TY,Toyota,CRESS,modelo,6,,Toyota Cressida,alta,ejemplo `TY CRESS 20 21 22R`; abreviatura de CRESSIDA (motores 20R/21R/22R),2.0(3) 1.6(1),,TY CRESS 20 21 22R,,
TY,Toyota,CRECIDA,modelo,2,,Toyota Cressida,alta,ejemplo `TY CRECIDA 18R 72-81`; typo de CRESSIDA: mismo motor 18R (`TY CRESSIDA 18R`),,72-81(1),TY CRECIDA 18R 72-81,,
TY,Toyota,DYNA,modelo,4,,Toyota Dyna (camión),alta,ejemplo `TY DYNA Y DELTA 85-`; nombre completo,2.8(1),85-(2) 74-88(1),TY DYNA Y DELTA 85-,,
TY,Toyota,DINA,modelo,18,,Toyota Dyna (camión),media,ejemplo `TY DINA 14B`; escritura alterna de DYNA: `TY DINA HIACE DAI DELT` y `TY DYNA Y DELTA 85-` listan los mismos acompañantes (Daihatsu Delta); confirmar,,80-84(2) 77-(1) 72-(1) 81-84(1) 82-84(1) 84-88(1),TY DINA 14B,,
TY,Toyota,COROL,modelo,8,,Toyota Corolla,alta,"ejemplo `TY COROL 1.6 4A 96-`; abreviatura de COROLLA (motor 4A, 1.6)",1.6(2) 1.2(1),87-(2) -78(1) 77-83(1) 91-(1) 92-(1) 96-(1),TY COROL 1.6 4A 96-,,
TY,Toyota,CORLL,modelo,3,,Toyota Corolla,alta,ejemplo `TY CORLL 1.6 4AF 16V 87-92`; typo de COROLLA,1.6(1),87-92(1) 92-(1) 92-94(1),TY CORLL 1.6 4AF 16V 87-92,,
TY,Toyota,CORLLA,modelo,2,,Toyota Corolla,alta,ejemplo `TY CORLLA 79-87 /JP`; typo de COROLLA,,70-74(1) 73-78(1) 79-87(1),TY CORLLA 79-87 /JP,,
TY,Toyota,COROLL,modelo,2,,Toyota Corolla,alta,ejemplo `TY COROLL 3A 4AF`; typo de COROLLA,,,TY COROLL 3A 4AF,,
TY,Toyota,CORN,modelo,2,,Toyota Corona,media,ejemplo `TY CORN 89-92 3SF`; ¿typo de CORONA? Los años 89-92 y el motor 3S encajan con Corona pero no hay fila que lo diga; confirmar,,-74(1) 89-92(1),TY CORN 89-92 3SF,,
TY,Toyota,COR,REVISAR,5,,Toyota ??? (¿Corolla o Corona?),baja,ejemplo `TY COR 74-79 HIACE 12R -82 UP`; bajo TY esta sigla puede ser Corolla (`TY COR COROLLA 2T/TW`) o Corona; en CH la misma sigla es Corsa. Pregunta al dueño,,-82(2) 74-79(2) 74-87(1) 78-99(1),TY COR 74-79 HIACE 12R -82 UP,"Bajo CH, COR = Corsa (alta). No se debe heredar entre marcas",
TY,Toyota,TERC,modelo,2,,Toyota Tercel,alta,"ejemplo `TY TERC 2E/1/`; abreviatura de TERCEL (motor 2E, igual que `TY 2E TERCEL`)",,,TY TERC 2E/1/,,
TY,Toyota,TER/COR,modelo,1,,Toyota Tercel + Toyota Corolla,media,ejemplo `TY TER/COR 1.3 1.5 RH`; dos modelos en un token (TER/COR); compuesto,1.3(1) 1.5(1),,TY TER/COR 1.3 1.5 RH,,
TY,Toyota,CAMRY,modelo,4,,Toyota Camry,alta,ejemplo `TY CAMRY COROLLA CORONA`; nombre completo,2.2(1),,TY CAMRY COROLLA CORONA,,
TY,Toyota,MODERNA,REVISAR,4,,Toyota ??? (¿Moderna? ¿Corona moderna?),baja,"ejemplo `TY MODERNA V TERCEL LC`; no conozco ese nombre de modelo; ¿es una generación, un estilo de pieza? Pregunta al dueño",,,TY MODERNA V TERCEL LC,,
TY,Toyota,MODERNO,REVISAR,1,,Toyota ??? (¿Moderno?),baja,ejemplo `TY MODERNO`; igual duda que MODERNA,,,TY MODERNO,,
TY,Toyota,DAI,modelo,5,,"Daihatsu (marca), NO es un modelo",alta,"ejemplo `TY DAI DELTA 3B`; DAI es Daihatsu: el catálogo tiene filas `DAI FEROZA`, `DAI TERIOS`, `DAI CHARADE` y `BRAZO DAIHATSU FEROZA`",,,TY DAI DELTA 3B,DAI también abre 77 filas como marca (no está entre las 10 siglas de marca del diccionario),
TY,Toyota,ISUZU,modelo,2,,"Isuzu (marca), NO es un modelo",alta,ejemplo `TY ISUZU TROOPER L200`; marca escrita completa,,,TY ISUZU TROOPER L200,,
TY,Toyota,MAZDA,modelo,1,,"Mazda (marca), NO es un modelo",alta,ejemplo `TY MAZDA ISUZU SANGRIA`; marca escrita completa,,,TY MAZDA ISUZU SANGRIA,,
TY,Toyota,HY'LUX,modelo,1,,Toyota Hilux,alta,ejemplo `TY HY'LUX 3VZ`; typo de HILUX con apóstrofe,,,TY HY'LUX 3VZ,,
TY,Toyota,5R,modelo,42,,"MOTOR Toyota 5R, NO es un modelo",alta,"ejemplo `TY 5R STOUT HILUX 12R`; código de motor Toyota, misma forma que 22R/2RZ/4Y/21R ya en el diccionario",2.0(17) 2.2(1),,TY 5R STOUT HILUX 12R,,
TY,Toyota,2E,modelo,13,,"MOTOR Toyota 2E, NO es un modelo",alta,"ejemplo `TY 2E TERCEL HY ACC 1.5`; código de motor Toyota, misma forma que 22R/2RZ/4Y/21R ya en el diccionario",1.5(1),,TY 2E TERCEL HY ACC 1.5,,
TY,Toyota,2L,modelo,8,,"MOTOR Toyota 2L, NO es un modelo",alta,"ejemplo `TY 2L L`; código de motor Toyota, misma forma que 22R/2RZ/4Y/21R ya en el diccionario",,,TY 2L L,,
TY,Toyota,2T,modelo,6,,"MOTOR Toyota 2T, NO es un modelo",alta,"ejemplo `TY 2T 1.6 79-82 13/16 DOBLE`; código de motor Toyota, misma forma que 22R/2RZ/4Y/21R ya en el diccionario",1.6(1),,TY 2T 1.6 79-82 13/16 DOBLE,,
TY,Toyota,2K,modelo,2,,"MOTOR Toyota 2K, NO es un modelo",alta,"ejemplo `TY 2K 3K COLT MULITA`; código de motor Toyota, misma forma que 22R/2RZ/4Y/21R ya en el diccionario",1.0(1) 1.2(1),,TY 2K 3K COLT MULITA,,
TY,Toyota,2F,modelo,2,,"MOTOR Toyota 2F, NO es un modelo",alta,"ejemplo `TY 2F L.C /4/TW`; código de motor Toyota, misma forma que 22R/2RZ/4Y/21R ya en el diccionario",,,TY 2F L.C /4/TW,,
TY,Toyota,3F,modelo,2,,"MOTOR Toyota 3F, NO es un modelo",alta,"ejemplo `TY 3F L.C /0/TW`; código de motor Toyota, misma forma que 22R/2RZ/4Y/21R ya en el diccionario",,,TY 3F L.C /0/TW,,
TY,Toyota,2R,modelo,2,,"MOTOR Toyota 2R, NO es un modelo",alta,"ejemplo `TY 2R 12R DAI -81`; código de motor Toyota, misma forma que 22R/2RZ/4Y/21R ya en el diccionario",,,TY 2R 12R DAI -81,,
TY,Toyota,12R,modelo,4,,"MOTOR Toyota 12R, NO es un modelo",alta,"ejemplo `TY 12R HIL 79-83 15/16 DOBLE`; código de motor Toyota, misma forma que 22R/2RZ/4Y/21R ya en el diccionario",,,TY 12R HIL 79-83 15/16 DOBLE,,
TY,Toyota,18R,modelo,6,,"MOTOR Toyota 18R, NO es un modelo",alta,"ejemplo `TY 18R PRIN BUJE`; código de motor Toyota, misma forma que 22R/2RZ/4Y/21R ya en el diccionario",1.0(2) 1.6(2),,TY 18R PRIN BUJE,,
TY,Toyota,20R,modelo,3,,"MOTOR Toyota 20R, NO es un modelo",alta,"ejemplo `TY 20R 21R 22R 2 PZAS`; código de motor Toyota, misma forma que 22R/2RZ/4Y/21R ya en el diccionario",,,TY 20R 21R 22R 2 PZAS,,
TY,Toyota,21RU,modelo,5,,"MOTOR Toyota 21RU, NO es un modelo",alta,"ejemplo `TY 21RU /5/`; código de motor Toyota, misma forma que 22R/2RZ/4Y/21R ya en el diccionario",,,TY 21RU /5/,,
TY,Toyota,1FZ,modelo,3,,"MOTOR Toyota 1FZ, NO es un modelo",alta,"ejemplo `TY 1FZ MOTRIZ C C`; código de motor Toyota, misma forma que 22R/2RZ/4Y/21R ya en el diccionario",,,TY 1FZ MOTRIZ C C,,
TY,Toyota,1FZ-FE,modelo,1,,"MOTOR Toyota 1FZ-FE, NO es un modelo",alta,"ejemplo `TY 1FZ-FE 4.5 L.C 4.5`; código de motor Toyota, misma forma que 22R/2RZ/4Y/21R ya en el diccionario",4.5(2),,TY 1FZ-FE 4.5 L.C 4.5,,
TY,Toyota,1AZFE,modelo,6,,"MOTOR Toyota 1AZFE, NO es un modelo",alta,"ejemplo `TY 1AZFE HIACE 5L PRINC`; código de motor Toyota, misma forma que 22R/2RZ/4Y/21R ya en el diccionario",,,TY 1AZFE HIACE 5L PRINC,,
TY,Toyota,4AFE,modelo,3,,"MOTOR Toyota 4AFE, NO es un modelo",alta,"ejemplo `TY 4AFE COROLLA /0/ 16V`; código de motor Toyota, misma forma que 22R/2RZ/4Y/21R ya en el diccionario",,,TY 4AFE COROLLA /0/ 16V,,
TY,Toyota,4AE101,modelo,2,,"MOTOR Toyota 4AE101, NO es un modelo",alta,"ejemplo `TY 4AE101`; código de motor Toyota, misma forma que 22R/2RZ/4Y/21R ya en el diccionario",,,TY 4AE101,,
TY,Toyota,4AF,modelo,1,,"MOTOR Toyota 4AF, NO es un modelo",alta,"ejemplo `TY 4AF COROLLA /0/16V`; código de motor Toyota, misma forma que 22R/2RZ/4Y/21R ya en el diccionario",,,TY 4AF COROLLA /0/16V,,
TY,Toyota,4A,modelo,3,,"MOTOR Toyota 4A, NO es un modelo",alta,"ejemplo `TY 4A COROLLA`; código de motor Toyota, misma forma que 22R/2RZ/4Y/21R ya en el diccionario",1.6(1) 1.8(1),,TY 4A COROLLA,,
TY,Toyota,3A,modelo,1,,"MOTOR Toyota 3A, NO es un modelo",alta,"ejemplo `TY 3A 4A COROLLA/2/ 8V`; código de motor Toyota, misma forma que 22R/2RZ/4Y/21R ya en el diccionario",,,TY 3A 4A COROLLA/2/ 8V,,
TY,Toyota,2000,REVISAR,34,,"cilindrada 2000 cc (¿o modelo?), NO es un modelo claro",baja,ejemplo `TY 2000 5R`; número de 4 cifras sin modelo; años 67-87; ¿es la cilindrada escrita en cc o un nombre (p.ej. Corona 2000)? Pregunta al dueño,,79-(6) 67-79(3) 79-87(2) 70-86(2) 79-84(2) 68-79(1),TY 2000 5R,Parecido a `TY 2200` (ya en el diccionario como baja),
TY,Toyota,1600,REVISAR,8,,"cilindrada 1600 cc (¿o modelo?), NO es un modelo claro",baja,ejemplo `TY 1600 78-81`; igual duda que TY 2000,,-84(4) 72-84(2) 78-81(1),TY 1600 78-81,,
TY,Toyota,1000,REVISAR,6,,"cilindrada 1000 cc (¿o modelo?), NO es un modelo claro",baja,ejemplo `TY 1000 2K 3K 1 HILERA`; igual duda que TY 2000 (junto a los motores 2K/3K),,69-76(4),TY 1000 2K 3K 1 HILERA,,
NS,Nissan,JUNIOR,modelo,48,,Nissan Junior,alta,ejemplo `NS JUNIOR RH/P 78-`; nombre completo; años 70-84,,78-(3) -77(2) 73-(2) 70-84(2) 74-(2) 71-83(1),NS JUNIOR RH/P 78-,Modelo antiguo (camioneta). JR y JUNIOR suman 118 filas,
NS,Nissan,JR,modelo,70,,Nissan Junior,media,"ejemplo `NS JR TRENSA`; abreviatura probable de JUNIOR: mismo rango de años (73-79) y mismo tipo de pieza, pero ninguna fila escribe las dos juntas; confirmar",1.8(2) 2.0(1),78-(3) -78(2) 79-(2) 72-(1) -77(1) 73-78(1),NS JR TRENSA,En la fila de NA20 aparece como `NA20 1.5 1.6 1.8 JR 78- LOW LH`,
NS,Nissan,Z20,modelo,25,,"MOTOR Nissan Z20, NO es un modelo",alta,ejemplo `NS Z20 Z24/3/ PATHINF`; código de motor serie Z (Z24 va con 2.4 y con Pathfinder),,,NS Z20 Z24/3/ PATHINF,,
NS,Nissan,Z24,modelo,11,,"MOTOR Nissan Z24, NO es un modelo",alta,ejemplo `NS Z24 2400 PATHFIN`; código de motor serie Z (Z24 va con 2.4 y con Pathfinder),2.4(9),,NS Z24 2400 PATHFIN,,
NS,Nissan,Z18,modelo,2,,"MOTOR Nissan Z18, NO es un modelo",alta,ejemplo `NS Z18 Z20 CORTO CURVO`; código de motor serie Z (Z24 va con 2.4 y con Pathfinder),,,NS Z18 Z20 CORTO CURVO,,
NS,Nissan,J18,REVISAR,13,,"MOTOR ??? J18 (¿Nissan o Suzuki?), NO es un modelo",baja,ejemplo `NS J18 /0/JP`; forma de código de motor con sobremedida (/0/JP); aparece bajo NS y también en `CH GRAN VIT 2.0 /3 J18 J20 5P` (Suzuki). ¿De qué motor es?,,93-(1),NS J18 /0/JP,,
NS,Nissan,PATROL,modelo,10,,Nissan Patrol,alta,ejemplo `NS PATROL VG33 12V`; nombre completo,,,NS PATROL VG33 12V,,
NS,Nissan,VANETTE,modelo,9,,Nissan Vanette,alta,ejemplo `NS VANETTE SUP/TW`; nombre completo,2.4(1),92-(1),NS VANETTE SUP/TW,,
NS,Nissan,VANNETE,modelo,4,,Nissan Vanette,alta,ejemplo `NS VANNETE INT LH`; typo de VANETTE,,,NS VANNETE INT LH,,
NS,Nissan,CABSTAR,modelo,7,,Nissan Cabstar,alta,ejemplo `NS CABSTAR ED33 H40`; nombre completo (camión),,82-(1),NS CABSTAR ED33 H40,,
NS,Nissan,LD20,modelo,3,,"MOTOR Nissan LD20, NO es un modelo",alta,"ejemplo `NS LD20 11V`; código de motor (letras + dos cifras, como Z20/KA24); ninguna fila dice la cilindrada",,,NS LD20 11V,,
NS,Nissan,PATHF,modelo,2,,Nissan Pathfinder,alta,ejemplo `NS PATHF 125MM`; abreviatura de PATHFINDER (ya están PATH y PATHFA),,,NS PATHF 125MM,,
NS,Nissan,NISSAN,modelo,2,,"Nissan (marca), NO es un modelo",alta,ejemplo `NS NISSAN TB42`; marca escrita completa,,,NS NISSAN TB42,,
NS,Nissan,TB42,modelo,2,,"MOTOR Nissan TB42 (Patrol), NO es un modelo",alta,ejemplo `NS TB42 PATROL /0/`; código de motor que la fila liga al Patrol,,,NS TB42 PATROL /0/,,
NS,Nissan,RD28,modelo,1,,"MOTOR Nissan RD28, NO es un modelo",alta,ejemplo `NS RD28`; código de motor (misma forma que KA24/NA20),,,NS RD28,,
NS,Nissan,K2.4,modelo,1,,"MOTOR Nissan K24/KA24 2.4, NO es un modelo",media,ejemplo `NS K2.4 84-97 DOBLE 7/8`; ¿typo de K24/KA24? mismo caso que `NS K24` (media); confirmar,,84-97(1),NS K2.4 84-97 DOBLE 7/8,,
NS,Nissan,BLUEBIRD-SUNNY,modelo,1,,Nissan Bluebird + Nissan Sunny,media,ejemplo `NS BLUEBIRD-SUNNY`; dos modelos en un token; compuesto,,,NS BLUEBIRD-SUNNY,,
NS,Nissan,DTS,REVISAR,2,,??? (¿Datsun? ¿dientes?),baja,ejemplo `NS DTS 1500 J/P`; DTS también aparece como `8 DTS` (dientes del bendix) en filas de arranque; aquí con 1500 y J/P. Pregunta al dueño,,,NS DTS 1500 J/P,,
NS,Nissan,CMNT,REVISAR,1,,??? (carácter/abreviatura sin sentido claro),baja,ejemplo `NS CMNT Z20 /TW`; ¿abreviatura de qué? una sola fila,,,NS CMNT Z20 /TW,,
NS,Nissan,2400,REVISAR,4,,"cilindrada 2400 cc (¿o modelo?), NO es un modelo claro",baja,ejemplo `NS 2400 Z24 2 HIL`; igual duda que TY 2000 (junto al motor Z24 = 2.4),,,NS 2400 Z24 2 HIL,,
NS,Nissan,2000,REVISAR,3,,"cilindrada 2000 cc (¿o modelo?), NO es un modelo claro",baja,ejemplo `NS 2000 92-`; igual duda que TY 2000,,92-(1),NS 2000 92-,,
MT,Mitsubishi,COLT,modelo,40,,Mitsubishi Colt,alta,ejemplo `MT COLT MULITA UP`; nombre completo; 1.2/1.4,1.4(2) 1.2(1),74-78(1) 78-(1),MT COLT MULITA UP,Modelo antiguo,
MT,Mitsubishi,LANCER,modelo,32,,Mitsubishi Lancer,alta,ejemplo `MT LANCER PONY ESTELLAR`; nombre completo (ya está LANC),,92-(2) 73-(2) 79-(2) 88-(2) 77-(2) 96-99(2),MT LANCER PONY ESTELLAR,,
MT,Mitsubishi,PONY,modelo,16,,Hyundai Pony (catalogado bajo MT),media,"ejemplo `MT PONY STELLAR LANCER`; las filas `HY PONY COLT MT LANCER` (5) y `HY STELLAR` indican que Pony es el Hyundai (base Mitsubishi Colt/Lancer), pero estas 16 están bajo la sigla MT; confirmar",,73-(2) 77-78(1) 78-80(1) 80-(1),MT PONY STELLAR LANCER,Hay también 5 filas bajo HY,
MT,Mitsubishi,MULITA,modelo,15,,Mitsubishi Colt Mulita,media,ejemplo `MT COLT MULITA UP`; las filas juntan COLT y MULITA (`MT COLT 1.1.2.MULIT 1400`); ¿Mulita = apodo local del Colt? Confirmar,1.4(2) 1.2(1),-79(1) 74-78(1),MT MULITA 1.4,,
MT,Mitsubishi,GALANT,modelo,6,,Mitsubishi Galant,alta,ejemplo `MT GALANT 1600 -77`; nombre completo,,-77(1) 71-(1) 76-80(1) 92-(1),MT GALANT 1600 -77,,
MT,Mitsubishi,GALAN,modelo,3,,Mitsubishi Galant,alta,ejemplo `MT GALAN COLT PONY`; typo de GALANT,1.8(1),,MT GALAN COLT PONY,,
MT,Mitsubishi,4G15,modelo,6,,"MOTOR Mitsubishi 4G15, NO es un modelo",alta,ejemplo `MT 4G15 12V/0/FINA`; código de motor serie 4G (misma forma que 4G63/4G54 ya en el diccionario),,,MT 4G15 12V/0/FINA,,
MT,Mitsubishi,4G32,modelo,4,,"MOTOR Mitsubishi 4G32, NO es un modelo",alta,ejemplo `MT 4G32 L200 BANDA`; código de motor serie 4G,,79-84(1),MT 4G32 L200 BANDA,,
MT,Mitsubishi,4D30,modelo,3,,"MOTOR Mitsubishi 4D30 (Canter), NO es un modelo",alta,ejemplo `MT 4D30 CANTER 78/84`; código de motor serie 4D; la fila lo liga al Canter,,85-(1),MT 4D30 CANTER 78/84,,
MT,Mitsubishi,G32,modelo,11,,"MOTOR Mitsubishi G32 (probable 4G32), NO es un modelo",media,ejemplo `MT G32 GALANT 1.4 1.6`; código con forma de motor Mitsubishi,1.6(3) 1.4(2),78-(1),MT G32 GALANT 1.4 1.6,"Parece el código 4G## sin el 4: `MT G63 L200-300 92-` tiene los mismos acompañantes que `MT 4G63 L200-300 92-`. Inferencia, no confirmada",
MT,Mitsubishi,G15,modelo,5,,"MOTOR Mitsubishi G15 (probable 4G15), NO es un modelo",media,ejemplo `MT G15 LANCER 87- /4/ALTA -96`; código con forma de motor Mitsubishi,,-96(4) 87-(4),MT G15 LANCER 87- /4/ALTA -96,"Parece el código 4G## sin el 4: `MT G63 L200-300 92-` tiene los mismos acompañantes que `MT 4G63 L200-300 92-`. Inferencia, no confirmada",
MT,Mitsubishi,G41,modelo,4,,"MOTOR Mitsubishi G41 (probable 4G41), NO es un modelo",media,ejemplo `MT G41 MULITA /4/KO`; código con forma de motor Mitsubishi,,,MT G41 MULITA /4/KO,"Parece el código 4G## sin el 4: `MT G63 L200-300 92-` tiene los mismos acompañantes que `MT 4G63 L200-300 92-`. Inferencia, no confirmada",
MT,Mitsubishi,G33,modelo,3,,"MOTOR Mitsubishi G33 (probable 4G33), NO es un modelo",media,ejemplo `MT G33 LANC PONY 1400 4/TW`; código con forma de motor Mitsubishi,,,MT G33 LANC PONY 1400 4/TW,"Parece el código 4G## sin el 4: `MT G63 L200-300 92-` tiene los mismos acompañantes que `MT 4G63 L200-300 92-`. Inferencia, no confirmada",
MT,Mitsubishi,G54,modelo,3,,"MOTOR Mitsubishi G54 (probable 4G54), NO es un modelo",media,ejemplo `MT G54 MONT 85-`; código con forma de motor Mitsubishi,2.6(1),85-(1) 87-(1),MT G54 MONT 85-,"Parece el código 4G## sin el 4: `MT G63 L200-300 92-` tiene los mismos acompañantes que `MT 4G63 L200-300 92-`. Inferencia, no confirmada",
MT,Mitsubishi,G93,modelo,3,,"MOTOR Mitsubishi G93 (probable 4G93), NO es un modelo",media,ejemplo `MT G93 /1`; código con forma de motor Mitsubishi,,,MT G93 /1,"Parece el código 4G## sin el 4: `MT G63 L200-300 92-` tiene los mismos acompañantes que `MT 4G63 L200-300 92-`. Inferencia, no confirmada",
MT,Mitsubishi,G63,modelo,2,,"MOTOR Mitsubishi G63 (probable 4G63), NO es un modelo",media,ejemplo `MT G63 L200-300 92-`; código con forma de motor Mitsubishi,,92-(2),MT G63 L200-300 92-,"Parece el código 4G## sin el 4: `MT G63 L200-300 92-` tiene los mismos acompañantes que `MT 4G63 L200-300 92-`. Inferencia, no confirmada",
MT,Mitsubishi,G53,modelo,1,,"MOTOR Mitsubishi G53 (probable 4G53), NO es un modelo",media,ejemplo `MT G53 CANTER`; código con forma de motor Mitsubishi,,,MT G53 CANTER,"Parece el código 4G## sin el 4: `MT G63 L200-300 92-` tiene los mismos acompañantes que `MT 4G63 L200-300 92-`. Inferencia, no confirmada",
MT,Mitsubishi,L-200,modelo,2,,Mitsubishi L200,alta,ejemplo `MT L-200 90/UP`; typo de L200 con guion,,,MT L-200 90/UP,,
MT,Mitsubishi,PONY/COL,modelo,1,,Hyundai Pony + Mitsubishi Colt,media,ejemplo `MT PONY/COL`; dos modelos en un token; compuesto,,,MT PONY/COL,,
CH,Chevrolet,TROO,modelo,29,,Chevrolet Trooper,alta,ejemplo `CH TROO WAGON`; abreviatura de TROOPER (ya están TRO y TROOP en alta); 2.0/2.3/3.2,2.0(9) 2.3(6) 3.2(2),81-85(2) 87-(2) -85(1) 88-(1) 89-(1) 89-92(1),CH TROO -85,,
CH,Chevrolet,G200,modelo,16,,"MOTOR Isuzu G200 (2.0, Trooper), NO es un modelo",media,"ejemplo `CH G200 TRO 2.0 -85 /5`; código de motor; la fila lo liga al Trooper 2.0; que sea Isuzu es conocimiento general, no está en el catálogo",2.0(11),-83(8) -85(6) -86(2),CH G200 -83 /2/JP,,
CH,Chevrolet,ISUZU,modelo,15,,"Isuzu (marca), NO es un modelo",alta,ejemplo `CH ISUZU TROO 3.2 92-`; marca escrita completa (ya está ISU),,,CH ISUZU 1.6 1.8 TRO,,
CH,Chevrolet,MONZA,modelo,6,,Chevrolet Monza,alta,ejemplo `CH MONZA FIAT UNO`; nombre completo,,,CH MONZA,,
CH,Chevrolet,EVOL,modelo,5,,Chevrolet Corsa Evolution,alta,ejemplo `CH EVOL CORSA TODOS`; EVOL acompaña a CORSA y ya existe `COR EVOL` en alta,1.8(2),02-(1),CH EVOL CORSA TODOS,,
CH,Chevrolet,SILVERADO,modelo,3,,Chevrolet Silverado,alta,ejemplo `CH SILVERADO 02-`; nombre completo,,00-(1) 02-(1),CH SILVERADO 02-,,
CH,Chevrolet,MINI,modelo,3,,Chevrolet Mini Blazer,media,ejemplo `CH MINI BLAZER C10`; nombre tal como lo escribe el catálogo (años 86-97 en `CH MINIBLAZ 86-97`); no verificado fuera del catálogo,,,CH MINI BLAZER,,
CH,Chevrolet,MINIBLAZ,modelo,1,,Chevrolet Mini Blazer,media,ejemplo `CH MINIBLAZ 86-97`; abreviatura de MINI BLAZER,,86-97(1),CH MINIBLAZ 86-97,,
CH,Chevrolet,ASKA,REVISAR,3,,Chevrolet ??? Aska,baja,ejemplo `CH ASKA 4ZC1`; aparece con el motor 4ZC1 (Isuzu); no sé si Aska es un modelo; pregunta al dueño,2.0(1),,CH ASKA /0.25,,
CH,Chevrolet,ISUZ,modelo,1,,"Isuzu (marca), NO es un modelo",media,ejemplo `CH ISUZ CAMION TODOS DISEL 24 V`; typo de ISUZU,,,CH ISUZ CAMION TODOS DISEL 24 V,,
CH,Chevrolet,LU,REVISAR,1,,Chevrolet LUV,baja,ejemplo `CH LU ISUZU TROOPER`; ¿LUV cortado? una sola fila,,,CH LU ISUZU TROOPER,,
MZ,Mazda,929,modelo,10,,Mazda 929,alta,"ejemplo `MZ 929 DE PRIMERA`; nombre completo; años 74-81, 1.8",1.8(2),77-81(2) -78(1) 74-77(1) 77-(1) 81-(1),MZ 929,Modelo antiguo,
MZ,Mazda,B2000,modelo,8,,Mazda B2000,alta,ejemplo `MZ B2000 TUBO CALEFACCION`; nombre completo,,,MZ B2000,,
MZ,Mazda,B2200,modelo,2,,Mazda B2200,alta,ejemplo `MZ B2200 929`; nombre completo,,,MZ B2200 929,,
MZ,Mazda,E2000,modelo,7,,Mazda E2000 (furgoneta),alta,ejemplo `MZ E2000 86- FURGONETA`; nombre completo,,86-(1),MZ E2000 86- FURGONETA,,
MZ,Mazda,B2.0,modelo,4,,Mazda B2000 (escrito B2.0),media,ejemplo `MZ B2.0 2.2 2.6 POST LH`; B2.0 junto a 2.2 y 2.6 parece la serie B (B2000/B2200/B2600); inferencia,2.2(2) 2.6(2),,MZ B2.0 2.2 2.6 POST LH,,
MZ,Mazda,B2.6,modelo,3,,Mazda B2600 (escrito B2.6),media,ejemplo `MZ B2.6 G6 INYECCION`; G6 es el motor 2.6 (ver fila MZ G6),,92-(1),MZ B2.6 G6 INYECCION,,
MZ,Mazda,B20000,modelo,1,,Mazda B2000,media,ejemplo `MZ B20000 323`; ¿cero de más en B2000?,,,MZ B20000 323,,
MZ,Mazda,F.TRADER,modelo,3,,"Ford Trader (camión, sobre base Mazda)",alta,ejemplo `MZ F.TRADER T3000 3.5 81-11/16`; `MZ FORD TRADER T3000` lo escribe completo,3.5(1),,MZ F.TRADER,,
MZ,Mazda,F.C,modelo,2,,Ford Courier (sobre base Mazda),media,"ejemplo `MZ F.C 80-CURV GRADE`; F.C junto a `MZ F. COURIER` (3 filas) y `F COURIER 1.8`; inferencia, confirmar",,,MZ F.C,,
MZ,Mazda,F.,REVISAR,3,,Ford ??? (¿Courier?),baja,ejemplo `MZ F. C 72-75`; `F.` + `C` o `COURIER`; ver F.C,,72-75(1),MZ F. COURIER,,
MZ,Mazda,F,REVISAR,13,,Ford ??? (¿Courier o Trader?),baja,ejemplo `MZ F C 72/84 CON DESFOGUE` y `MZ F TRADER T3000 3500 81-`; F suelta puede ser Courier (F C) o Trader (F TRADER); una sigla de una letra no debe entrar al índice como modelo,3.5(2),79-81(1) 81-(1),MZ F C 72/84 CON DESFOGUE,,
MZ,Mazda,FORDT.KIA,REVISAR,6,,Ford Trader + Kia (compuesto),baja,ejemplo `MZ FORDT.KIA 3.5.6 LH 1 1/8`; FORDT = Ford Trader pegado a KIA; ¿qué es 3.5.6? Pregunta al dueño,,,MZ FORDT.KIA 3.5.6 LH 1 1/8,,
MZ,Mazda,FORD,modelo,2,,"Ford (marca), NO es un modelo",alta,ejemplo `MZ FORD TRADER T3000`; marca escrita completa,,,MZ FORD TRADER,,
MZ,Mazda,MITSUBISHI,modelo,1,,"Mitsubishi (marca), NO es un modelo",alta,ejemplo `MZ MITSUBISHI TODOS 72/80`; marca escrita completa,,,MZ MITSUBISHI TODOS 72/80,,
MZ,Mazda,DT,REVISAR,1,,"??? (lista de marcas: ¿Datsun, Nissan, Toyota?)",baja,"ejemplo `MZ DT NS TY`; lista de siglas de marca, no un modelo",,,MZ DT NS TY,,
MZ,Mazda,HB,REVISAR,1,,??? (sin significado claro),baja,ejemplo `MZ HB SEGURO`; una fila,,,MZ HB SEGURO,,
MZ,Mazda,1600,REVISAR,28,,"cilindrada 1600 cc (¿o modelo?), NO es un modelo claro",baja,ejemplo `MZ 1600 SEGUNDA`; número de 4 cifras sin modelo; ¿es la cilindrada en cc o un nombre (Mazda 1600)? Pregunta al dueño,,-81(5) 65-81(4) 82-(4) 72-80(1) 80-(1),MZ 1600 SEGUNDA,,
MZ,Mazda,1800,REVISAR,5,,"cilindrada 1800 cc (¿o modelo?), NO es un modelo claro",baja,ejemplo `MZ 1800 F.COURIER 80- 323TW`; número de 4 cifras sin modelo; ¿es la cilindrada en cc o un nombre (Mazda 1800)? Pregunta al dueño,,80-(2),MZ 1800 F.COURIER 80- 323TW,,
MZ,Mazda,2600,REVISAR,5,,"cilindrada 2600 cc (¿o modelo?), NO es un modelo claro",baja,ejemplo `MZ 2600 RODELA GRD DELT 4*4`; número de 4 cifras sin modelo; ¿es la cilindrada en cc o un nombre (Mazda 2600)? Pregunta al dueño,,,MZ 2600 RODELA GRD DELT 4*4,,
MZ,Mazda,1300,REVISAR,3,,"cilindrada 1300 cc (¿o modelo?), NO es un modelo claro",baja,ejemplo `MZ 1300 323 808 2 HILERAS`; número de 4 cifras sin modelo; ¿es la cilindrada en cc o un nombre (Mazda 1300)? Pregunta al dueño,,78-(1),MZ 1300 323 808 2 HILERAS,,
KIA,Kia,BESTA,modelo,11,,Kia Besta,alta,ejemplo `KIA BESTA TOPIC MZD E2000`; nombre completo; comparte pieza con Mazda E2000,2.2(2),,KIA BESTA AS TOPIC MAZ B2.0 2.2,,
HY,Hyundai,STELLAR,modelo,5,,Hyundai Stellar,alta,ejemplo `HY STELLAR SUP`; nombre completo (aparece también como acompañante de Pony/Lancer),,,HY STELLAR,,
HY,Hyundai,PONY,modelo,5,,Hyundai Pony,alta,ejemplo `HY PONY COLT MT LANCER`; nombre completo,,,HY PONY,Hay otras 16 filas con PONY bajo MT,
HY,Hyundai,PRIMA,REVISAR,2,,Hyundai ??? Prima,baja,ejemplo `HY PRIMA MIT GAL 4G63/0/`; acompañado de Mitsubishi Galant y motor 4G63; no conozco un Hyundai Prima; pregunta al dueño,,,HY PRIMA MIT GAL 4G63/0/,,
HY,Hyundai,NEW,REVISAR,2,,"NEW (calificativo de ACC: Accent nuevo), NO es un modelo",media,ejemplo `HY NEW ACC 06- RIO EXCITE LH`; NEW va delante de ACC; ya hay NEW bajo CH y TY con otro sentido; confirmar,,06-(2),HY NEW ACC 06- RIO EXCITE LH,,
HY,Hyundai,TY,REVISAR,2,,"??? (lista de marcas, NO es un modelo)",baja,"ejemplo `HY TY DT`; siglas de marca (Toyota, Datsun?) sin modelo",,,HY TY DT,,
HY,Hyundai,MAZDA,modelo,1,,"Mazda (marca), NO es un modelo",alta,ejemplo `HY MAZDA`; marca escrita completa,,,HY MAZDA,,
DW,Daewoo,DAMAS,modelo,4,,Daewoo Damas,alta,ejemplo `DW DAMAS CHANGAN`; nombre completo,,,DW DAMAS,,
DW,Daewoo,CIE,modelo,1,,Daewoo Cielo,media,ejemplo `DW CIE LANOS`; abreviatura de CIEL/CIELO (ya existen); una fila,,,DW CIE LANOS,,
DW,Daewoo,ESP,modelo,1,,Daewoo Espero,media,ejemplo `DW ESP MONZA`; abreviatura de ESPERO (ya existe en alta); una fila,,,DW ESP MONZA,,
SZ,Suzuki,STEEM,modelo,3,,Suzuki Steem,alta,ejemplo `SZ STEEM`; nombre completo; `CH STEEM` ya está en alta,,,SZ STEEM,,
SZ,Suzuki,JEEF,REVISAR,1,,Suzuki ??? (¿Jeep?),baja,"ejemplo `SZ JEEF`; una fila; ¿Jeep, o un Suzuki tipo jeep (Samurai/Jimny)? Pregunta al dueño",,,SZ JEEF,,
HY,Hyundai,PORTER,modelo,18,,Hyundai Porter (camión),alta,ejemplo `340 RADIADOR H100 PORTER`; nombre completo,,,340 RADIADOR H100 PORTER,No aparece como modelo principal: sale solo dentro de la descripción; 'filas' cuenta las filas que lo contienen,
HY,Hyundai,AVANTE,modelo,11,,Hyundai Elantra (Avante),media,ejemplo `HY AVANTE MATRIX  1.8 00- /0/`; Avante junto a ELANT y MATRIX (`HY ELANT 1.8 -98 AVANT`); confirmar la equivalencia,,,HY AVANTE MATRIX  1.8 00- /0/,No aparece como modelo principal: sale solo dentro de la descripción; 'filas' cuenta las filas que lo contienen,
HY,Hyundai,AVANT,modelo,22,,Hyundai Elantra (Avante),media,"ejemplo `HY ELANT 06- RADIAD AVANT 08-`; abreviatura de AVANTE, siempre junto a ELANT",,,HY ELANT 06- RADIAD AVANT 08-,No aparece como modelo principal: sale solo dentro de la descripción; 'filas' cuenta las filas que lo contienen,
HY,Hyundai,STARX,modelo,19,,Hyundai Starex,media,ejemplo `HY H1 TQ STARX TERRAC`; typo probable de STARX/STAREX (existe `H1 STAREX`); confirmar,,,HY H1 TQ STARX TERRAC,No aparece como modelo principal: sale solo dentro de la descripción; 'filas' cuenta las filas que lo contienen,
HY,Hyundai,XD,modelo,34,,Hyundai Elantra XD (generación),media,ejemplo `HY ELAN XD 1.6  03-06  LH`; XD con ELAN/ELANT y años 03-07,,,HY ELAN XD 1.6  03-06  LH,No aparece como modelo principal: sale solo dentro de la descripción; 'filas' cuenta las filas que lo contienen,
KIA,Kia,KOUP,modelo,12,,Kia Cerato Koup,alta,ejemplo `KIA CERATO KOUP 1.6 2.0 RH 17-`; nombre completo,,,KIA CERATO KOUP 1.6 2.0 RH 17-,No aparece como modelo principal: sale solo dentro de la descripción; 'filas' cuenta las filas que lo contienen,
TY,Toyota,VIGO,modelo,25,,Toyota Hilux Vigo,alta,"ejemplo `TY 2.5 DSL VIGO 1KD 2KD`; nombre completo, con motores diesel 1KD/2KD",,,TY 2.5 DSL VIGO 1KD 2KD,No aparece como modelo principal: sale solo dentro de la descripción; 'filas' cuenta las filas que lo contienen,
CH,Chevrolet,EVO,modelo,21,,Chevrolet Corsa Evolution,media,"ejemplo `CH COR 1.3 1.4 1.6 EVO 1.4 18 VALV ALIVIO`; EVO junto a COR, igual que `COR EVOL`",,,CH COR 1.3 1.4 1.6 EVO 1.4 18 VALV ALIVIO,No aparece como modelo principal: sale solo dentro de la descripción; 'filas' cuenta las filas que lo contienen,
MZ,Mazda,COURIER,modelo,10,,Ford Courier (sobre base Mazda),alta,ejemplo `F COURIER 1.8 /0/ MA VB`; nombre completo,,,F COURIER 1.8 /0/ MA VB,No aparece como modelo principal: sale solo dentro de la descripción; 'filas' cuenta las filas que lo contienen,
MZ,Mazda,TRADER,modelo,22,,"Ford Trader (camión, sobre base Mazda)",alta,ejemplo `MZ FORD TRADER T3000`; nombre completo,,,MZ FORD TRADER T3000,No aparece como modelo principal: sale solo dentro de la descripción; 'filas' cuenta las filas que lo contienen,
FORD,Ford,FESTIVA,modelo,38,,Ford Festiva,alta,Confirmado por el dueño 2026-10-08,,,KIA PICANTO FESTIVA 1.3,,SI
